Class,rico:identifier,rico:hasRecordSetType,dcterms:title,dcterms:description,dcterms:dateInterv,dcterms:dateRaw,rico:hasCreatorRef,rico:hasCreatorNotRef,rico:hasReceiverRef,rico:hasReceiverNotRef,rico:hasPublisher,rico:isOrWasIncludedIn,rico:hasOrHadPhysicalLocation,crm:P44_has_condition,SOCIETES-DROP,INSTRUMENTS-DROP,DOC_ECRIT_DROP,rico:documents,dcterms:isVersionOf,rico:isDraftOf,rico:hasOrHadSubject,rico:hasDocumentaryFormType,rico:locationURI,rico:locationOS
rico:Record,F6.1.6/88,,,"Reçu de paiement de Hilaire-Fabre, la dame de pique, huile d'olive et savon blanc, Salon à Augustin Seguin (62,25 francs)",,1902-08-17,,"Hilaire-Fabre, la dame de pique, huile d'olive et savon blanc, Salon",3955,,,F6.1.6,,,,,,,,,,,,
rico:Record,F6.1.6/89,,,"Facture de A la Scabieuse à Pauline Seguin, née Consiglieri (526 francs, toilette)",,,,A la Scabieuse,3947,,,F6.1.6,,,,,,,,,,,,
rico:Record,F6.1.6/9,,,"Facture de Magnin à Augustin Seguin, lyon (16 francs, étui pour paravent)",,1902-01-14,,Magnin,3955,,,F6.1.6,,,,,,,,,,,,
rico:Record,F6.1.6/90,,,"Facture de C. Chevalier, 57, rue Victor Hugo, Fleurs naturelles à Augustin Seguin, lyon (430,33 francs, plantes)",1902-09-02/1902-10-24,,,"C. Chevalier, 57, rue Victor Hugo, Fleurs naturelles",3955,,,F6.1.6,,,,,,,,,,,,
rico:Record,F6.1.6/91,,,"Facture de Fonfrède à Augustin Seguin, Annonay (180 francs, bière)",1902-09-08/1902-09-10,,,Fonfrède,3955,,,F6.1.6,,,,,,,,,,,,
rico:Record,F6.1.6/92,,,"Facture à Augustin Seguin, Varagnes (15,6 francs, toilette)",,1902-09-09,,,3955,,,F6.1.6,,,,,,,,,,,,
rico:Record,F6.1.6/93,,,"Facture de Fonfrède à Augustin Seguin, Annonay (45 francs, bière)",1902-10-02/1902-10-04,,,Fonfrède,3955,,,F6.1.6,,,,,,,,,,,,
rico:Record,F6.1.6/94,,,"Facture à Mesdames Seguin, lyon (506,45 francs, toilette)",,1902-10-07,,,,Mesdames Seguin,,F6.1.6,,,,,,,,,,,,
rico:Record,F6.1.6/95,,,"Facture de Galeries Lafayette, Paris (79 francs, toque)",,1902-10-08,,Galeries Lafayette,,,,F6.1.6,,,,,,,,,,,,
rico:Record,F6.1.6/96,,,"Facture de Louvre à Mesdames Seguin, Paris (43,6 francs, toilette)",,1902-10-14,,Louvre,,Mesdames Seguin,,F6.1.6,,,,,,,,,,,,
rico:Record,F6.1.6/97,,,"Facture de Raoul à Pauline Seguin, née Consiglieri, Paris (50,65 francs, chaussures)",,1902-10-20,,Raoul,3947,,,F6.1.6,,,,,,,,,,,,
rico:Record,F6.1.6/98,,,"Reçu de paiement de Boucher à Augustin Seguin, Lyon (506,45 francs, pour Mme Seguin)",,1902-10-23,,Boucher,3955,,,F6.1.6,,,,,,,,,,,,
rico:Record,F6.1.6/99,,,"Facture de Au Sphinx à Augustin Seguin, 2, Place Carnot, Lyon (24 francs, étui cigarettes)",,1902-10-23,,Au Sphinx,3955,,,F6.1.6,,,,,,,,,,,,
rico:RecordSet,F6.2,Dossier d'archives,,Factures de 1902 (2),1901/1903,,,,,,,F6,,,,,,,,,,,,
rico:RecordSet,F6.2.1,Sous-dossier d'archives,,Entretien,1901/1902,,,,,,,F6.2,,,,,,,,,,,,
rico:Record,F6.2.1/1,,,"Facture de Meyrand ferblantier à Boulieu à Augustin Seguin, Varagnes (125,8 francs, réparations serre et observatoire)",1901/1902-01-02,,,Meyrand ferblantier à Boulieu,3955,,,F6.2.1,,,,,,,,,,,,
rico:Record,F6.2.1/10,,,"Facture de Duclos à Augustin Seguin, Varagnes (47,4 francs, charbon)",,,,Duclos,3955,,,F6.2.1,,,,,,,,,,,,
rico:Record,F6.2.1/11,,,"Facture de Mussati, 32, rue Franklin, Lyon, Lampisterie à Augustin Seguin, Lyon (68,2 francs, lampisterie)",,,,"Mussati, 32, rue Franklin, Lyon, Lampisterie",3955,,,F6.2.1,,,,,,,,,,,,
rico:Record,F6.2.1/12,,,"Facture de Limousin et Descours à Augustin Seguin, 2, Place Carnot, Lyon (299,5 francs, charbon)",,,,Limousin et Descours,3955,,,F6.2.1,,,,,,,,,,,,
rico:Record,F6.2.1/13,,,"Facture de Marcou à Augustin Seguin, Varagnes (11,65 francs, chaudronnerie)",1902-04-20/1902-05-20,,,Marcou,3955,,,F6.2.1,,,,,,,,,,,,
rico:Record,F6.2.1/14,,,"Reçu de paiement de Drevet à Augustin Seguin, Lyon (200 francs, chauffage)",,1902-05-07,,Drevet,3955,,,F6.2.1,,,,,,,,,,,,
rico:Record,F6.2.1/15,,,"Facture de Chatelus Frères, lampes et bronzes, 3, place de Bellecour, Lyon à Augustin Seguin, Lyon (87,5 francs, lampes)",,,,"Chatelus Frères, lampes et bronzes, 3, place de Bellecour, Lyon",3955,,,F6.2.1,,,,,,,,,,,,
rico:Record,F6.2.1/16,,,"Facture de Vigne à Augustin Seguin, Lyon (128 francs, vernis pour voiture)",,,,Vigne,3955,,,F6.2.1,,,,,,,,,,,,
rico:Record,F6.2.1/17,,,"Facture de Claudius Sage à Augustin Seguin, Varagnes (343,6 francs, menuiseries)",,,,Claudius Sage,3955,,,F6.2.1,,,,,,,,,,,,
rico:Record,F6.2.1/18,,,"Facture de Marcou à Augustin Seguin, Annonay (11,15 francs, chaudronnerie)",,1902-06-30,,Marcou,3955,,,F6.2.1,,,,,,,,,,,,
rico:Record,F6.2.1/19,,,"Facture de Chuit à Augustin Seguin, 2, Place Carnot, Lyon (82,3 francs, lampes)",,,,Chuit,3955,,,F6.2.1,,,,,,,,,,,,
rico:Record,F6.2.1/2,,,"Facture de Comptoir Général des verres à vitres à Augustin Seguin, Boulieu (162,3 francs, 200 et 255 k de verre)",,1902-01-30,,Comptoir Général des verres à vitres,3955,,,F6.2.1,,,,,,,,,,,,
rico:Record,F6.2.1/20,,,"Facture de Y. Graillat, menuiserie, meubles, 9, rue de Condé, Lyon à Augustin Seguin, 2, Place Carnot, Lyon (16 francs, réparation table)",,,,"Y. Graillat, menuiserie, meubles, 9, rue de Condé, Lyon",3955,,,F6.2.1,,,,,,,,,,,,
rico:Record,F6.2.1/21,,,"Facture de Peytel à Mesdemoiselles Seguin (7,7 francs, couleurs)",,1902-07-09,,Peytel,,Mesdemoiselles Seguin,,F6.2.1,,,,,,,,,,,,
rico:Record,F6.2.1/22,,,"Facture de Valencony maçon à Augustin Seguin, Varagnes (113,5 francs, juin et juillet)",,1902-07-11,,Valencony maçon,3955,,,F6.2.1,,,,,,,,,,,,
rico:Record,F6.2.1/23,,,"Facture de Conversy à Augustin Seguin, 2, Place Carnot, Lyon (49,5 francs, location chaise, pose fenetre, ciel de lit)",,,,Conversy,3955,,,F6.2.1,,,,,,,,,,,,
rico:Record,F6.2.1/24,,,"Facture de A. Favier neveux, manufacture d'orfèvrerie et bronzes d'église, 1, rue de l'archevéché, Lyon à Augustin Seguin, 2, Place Carnot, Lyon (16 francs, réparation lampes)",1902-08-09/1902-12-17,,,"A. Favier neveux, manufacture d'orfèvrerie et bronzes d'église, 1, rue de l'archevéché, Lyon",3955,,,F6.2.1,,,,,,,,,,,,
rico:Record,F6.2.1/25,,,"Facture de Dimet à Augustin Seguin, 2, Place Carnot, Lyon (153 francs, réparation matelas)",,1902-08-12,,Dimet,3955,,,F6.2.1,,,,,,,,,,,,
rico:Record,F6.2.1/26,,,"Facture de Meyrand à Augustin Seguin, Varagnes (223,7 francs, ferronerie serre et observatoire)",,1902-09-13,,Meyrand,3955,,,F6.2.1,,,,,,,,,,,,
rico:Record,F6.2.1/27,,,"Facture de Ingold à Pauline Seguin, née Consiglieri, 2, Place Carnot, Lyon (23,5 francs, patins)",,1902-10-23,,Ingold,3947,,,F6.2.1,,,,,,,,,,,,
rico:Record,F6.2.1/28,,,"Facture de Fichet Frères à Augustin Seguin, 2, Place Carnot, Lyon (3,2 francs, lampes)",,1902-10-28,,Fichet Frères,3955,,,F6.2.1,,,,,,,,,,,,
rico:Record,F6.2.1/29,,,"Facture de Fichet Frères à Augustin Seguin, 2, Place Carnot, Lyon (3 francs, lampes)",,1902-10-29,,Fichet Frères,3955,,,F6.2.1,,,,,,,,,,,,
rico:Record,F6.2.1/3,,,"Reçu de paiement de Comptoir Général des verres à vitres à Augustin Seguin (162,3 francs)",,,,Comptoir Général des verres à vitres,3955,,,F6.2.1,,,,,,,,,,,,
rico:Record,F6.2.1/30,,,"Facture de Vve Jacquemet-Bonnefont et Graillat, établissement horticole, Annonay à Augustin Seguin, Varagnes (67 francs, plantes)",,1902-12-12,,"Vve Jacquemet-Bonnefont et Graillat, établissement horticole, Annonay",3955,,,F6.2.1,,,,,,,,,,,,
rico:Record,F6.2.1/31,,,"Note de manuscrite à Augustin Seguin, Varagnes (plantations)",,1902-12-26,,manuscrite,3955,,,F6.2.1,,,,,,,,,,,,
rico:Record,F6.2.1/32,,,"Facture de Barou, serrurerie artistique, Boulieu à Augustin Seguin, Varagnes (8,4 francs, serrurerie)",,1902-12-26,,"Barou, serrurerie artistique, Boulieu",3955,,,F6.2.1,,,,,,,,,,,,
rico:Record,F6.2.1/4,,,"Facture de Ditmar à Augustin Seguin, Lyon (9,5 francs, lampe)",,1902-01-31,,Ditmar,3955,,,F6.2.1,,,,,,,,,,,,
rico:Record,F6.2.1/5,,,"Facture de Fichet Frères à Augustin Seguin, 2, Place Carnot, Lyon (2,5 francs, plomberie)",,1902-02-04,,Fichet Frères,3955,,,F6.2.1,,,,,,,,,,,,
rico:Record,F6.2.1/6,,,"Facture de Fichet Frères à Augustin Seguin, 2, Place Carnot, Lyon (9 francs, plomberie)",,1902-02-25,,Fichet Frères,3955,,,F6.2.1,,,,,,,,,,,,
rico:Record,F6.2.1/7,,,"Facture de Société du métal français à Augustin Seguin, 2, Place Carnot, Lyon (6 francs, réparation théière)",,,,Société du métal français,3955,,,F6.2.1,,,,,,,,,,,,
rico:Record,F6.2.1/8,,,"Facture de Société du métal français à Augustin Seguin, 2, Place Carnot, Lyon (6 francs, réparation théière)",,,,Société du métal français,3955,,,F6.2.1,,,,,,,,,,,,
rico:Record,F6.2.1/9,,,"Facture de Chavanon et Roche, 7, rue de Tournon, Annonay à Augustin Seguin, Varagnes (15,1 francs, quincaillerie)",1902-03-03/1902-06-30,,,"Chavanon et Roche, 7, rue de Tournon, Annonay",3955,,,F6.2.1,,,,,,,,,,,,
rico:RecordSet,F6.2.2,Sous-dossier d'archives,,"Bourse, banques",,1902,,,,,,F6.2,,,,,,,,,,,,
rico:Record,F6.2.2/1,,,Memorandum à L'Urbaine (rente viagère immédiate sur une tête),,1902-03-16,,,,L'Urbaine,,F6.2.2,,,,,,,,,,,,
rico:Record,F6.2.2/10,,,"Suivi de comptes de Laurent et Léonce Bechetoille, banquiers d'Annonay à Augustin Seguin, Annonay (-18335 francs, débiteur)",,1902-06-30,,"Laurent et Léonce Bechetoille, banquiers d'Annonay",3955,,,F6.2.2,,,,,,,,,,,,
rico:Record,F6.2.2/11,,,"Suivi de comptes de Laurent et Léonce Bechetoille, banquiers d'Annonay à Augustin Seguin, Annonay (-19645 francs)",,1902-07-15,,"Laurent et Léonce Bechetoille, banquiers d'Annonay",3955,,,F6.2.2,,,,,,,,,,,,
rico:Record,F6.2.2/12,,,"Suivi de comptes de Laurent et Léonce Bechetoille, banquiers d'Annonay à Augustin Seguin, Annonay (3000 francs, crédit)",,1902-07-31,,"Laurent et Léonce Bechetoille, banquiers d'Annonay",3955,,,F6.2.2,,,,,,,,,,,,
rico:Record,F6.2.2/13,,,"Quittance à Augustin Seguin, Lyon (54,9 francs, quittance à lui-même)",,1902-10-11,,,3955,,,F6.2.2,,,,,,,,,,,,
rico:Record,F6.2.2/14,,,"Notice à Augustin Seguin, Lyon ()",,1902-03-16,,,3955,,,F6.2.2,,,,,,,,,,,,
rico:Record,F6.2.2/15,,,"Lettre de Crédit Lyonnais à Augustin Seguin, Lyon (demande de correction de signature pour transfert de compte)",,1902-12-02,,Crédit Lyonnais,3955,,,F6.2.2,,,,,,,,,,,,
rico:Record,F6.2.2/16,,,"Facture de Crédit Lyonnais à Augustin Seguin, Lyon (somme déposée au compte de Marc Seguin, dormant depuis octobre 1900)",,1902-12-04,,Crédit Lyonnais,3955,,,F6.2.2,,,,,,,,,,,,
rico:Record,F6.2.2/17,,,"Facture de Société Générale à Augustin Seguin, Lyon (dépôt de coupons échéance janvier 1903)",,1902-12-15,,Société Générale,3955,,,F6.2.2,,,,,,,,,,,,
rico:Record,F6.2.2/18,,,"Facture de Banque du Nord à Augustin Seguin, Lyon (coupons russes)",,1902-03-16,,Banque du Nord,3955,,,F6.2.2,,,,,,,,,,,,
rico:Record,F6.2.2/2,,,"Lettre de Barbaud et Bauhain à Augustin Seguin, Lyon (problème avec propriétaire)",,1902-01-13,,Barbaud et Bauhain,3955,,,F6.2.2,,,,,,,,,,,,
rico:Record,F6.2.2/3,,,"Lettre de Laurent et Léonce Bechetoille, banquiers d'Annonay à Augustin Seguin, Annonay (mouvement de compte conseillé)",,1902-01-22,,"Laurent et Léonce Bechetoille, banquiers d'Annonay",3955,,,F6.2.2,,,,,,,,,,,,
rico:Record,F6.2.2/4,,,"Lettre à Laurent et Léonce Bechetoille (Annonay francs, suite de la lettre du 22 janvier)",,1902-01-25,,,,Laurent Bechetoille;Léonce Bechetoille,,F6.2.2,,,,,,,,,,,,
rico:Record,F6.2.2/5,,,"Reçu de paiement de Comptoir National d'escompte de Paris à Augustin Seguin, Annonay (dépôt banque Bechetoille)",,1902-01-30,,Comptoir National d'escompte de Paris,3955,,,F6.2.2,,,,,,,,,,,,
rico:Record,F6.2.2/6,,,"Reçu de paiement de Laurent et Léonce Bechetoille, banquiers d'Annonay à Augustin Seguin, Annonay (10000 francs, crédit)",,1902-01-31,,"Laurent et Léonce Bechetoille, banquiers d'Annonay",3955,,,F6.2.2,,,,,,,,,,,,
rico:Record,F6.2.2/7,,,"Reçu de paiement de Laurent et Léonce Bechetoille, banquiers d'Annonay à Augustin Seguin, Annonay (10000 francs, crédit)",,1902-03-26,,"Laurent et Léonce Bechetoille, banquiers d'Annonay",3955,,,F6.2.2,,,,,,,,,,,,
rico:Record,F6.2.2/8,,,"Lettre de Emile Labiche à Augustin Seguin, Lyon (problème de loyer)",,1902-04-11,,Emile Labiche,3955,,,F6.2.2,,,,,,,,,,,,
rico:Record,F6.2.2/9,,,"Reçu de paiement de Barbaud et Bauhain à Augustin Seguin, Lyon (50,75 francs, solde de tout honoraire)",,1902-06-09,,Barbaud et Bauhain,3955,,,F6.2.2,,,,,,,,,,,,
rico:RecordSet,F6.2.3,Sous-dossier d'archives,,Loyers,1902/1903,,,,,,,F6.2,,,,,,,,,,,,
rico:Record,F6.2.3/1,,,"Facture de Cabinet d'Ogny à Augustin Seguin, Paris (200,5 francs, rue Stanislas)",1902-01-10/1903-01-27,,,Cabinet d'Ogny,3955,,,F6.2.3,,,,,,,,,,,,
rico:Record,F6.2.3/2,,,"Lettre de Labiche, Lyon (1933,1 francs, réparations et loyer Lyon)",1902-03-16/1903-03-27,,,Labiche,,,,F6.2.3,,,,,,,,,,,,
rico:Record,F6.2.3/3,,,"Etat à Hugues d'Aubarède (3439,05 francs)",1902-01/1903-12-31,,,,,Hugues d'Aubarède,,F6.2.3,,,,,,,,,,,,
rico:Record,F6.2.3/4,,,"Quittance de Fayard, mandataire à Augustin Seguin, Lyon (2647,35 francs)",,1902-06-06,,"Fayard, mandataire",3955,,,F6.2.3,,,,,,,,,,,,
rico:Record,F6.2.3/5,,,"Etat de Hugues d'Aubarède à Augustin Seguin, Lyon (9406,75 francs, maison quai de la Charité)",1902-07/1903-06-15,,,Hugues d'Aubarède,3955,,,F6.2.3,,,,,,,,,,,,
rico:Record,F6.2.3/6,,,"Quittance de Cabinet d'Ogny à Augustin Seguin, Paris (201 francs, 12 rue Stanislas)",1902-07-01/1903-12-24,,,Cabinet d'Ogny,3955,,,F6.2.3,,,,,,,,,,,,
rico:Record,F6.2.3/7,,,"Reçu de paiement à Augustin Seguin, Lyon (2429,1 francs)",1902-07-01/1903-12-24,,,,3955,,,F6.2.3,,,,,,,,,,,,
rico:RecordSet,F6.2.4,Sous-dossier d'archives,,"Entreprises, sociétés, sociétés savantes",1902/1903,,,,,,,F6.2,,,,,,,,,,,,
rico:Record,F6.2.4/1,,,"Reçu de paiement de Filature de Schappe à Augustin Seguin, Lyon (2317,5 francs, dont 927 f prélevés à New York par M.Marc Seguin)",1902-01-30/1903-12-27,,,Filature de Schappe,3955,,,F6.2.4,,,,,,,,,,,,
rico:Record,F6.2.4/2,,,"Reçu de paiement de Société Lyonnaise des concerts de musique classique à Augustin Seguin, Lyon (55 francs)",1902-02-21/1903-12-31,,,Société Lyonnaise des concerts de musique classique,3955,,,F6.2.4,,,,,,,,,,,,
rico:Record,F6.2.4/3,,,"Reçu de paiement de Réveil Républicain à Augustin Seguin, Lyon (200 francs)",1902-02-25/1903-12-31,,,Réveil Républicain,3955,,,F6.2.4,,,,,,,,,,,,
rico:Record,F6.2.4/4,,,"Reçu de paiement de Le Nouvelliste à Augustin Seguin, Lyon (20 francs)",1902-02-21/1903-12-31,,,Le Nouvelliste,3955,,,F6.2.4,,,,,,,,,,,,
rico:Record,F6.2.4/5,,,"Reçu de paiement de Société des Ingénieurs Civils de France à Augustin Seguin, Lyon (36 francs)",1902-05-07/1903-12-31,,,Société des Ingénieurs Civils de France,3955,,,F6.2.4,,,,,,,,,,,,
rico:Record,F6.2.4/6,,,"Facture de Société Météorologique à Augustin Seguin, Paris (30 francs, nomination et cotisation)",,1902-06-04,,Société Météorologique,3955,,,F6.2.4,,,,,,,,,,,,
rico:Record,F6.2.4/7,,,"Reçu de paiement de Bibliothèque Annonay à Augustin Seguin, Varagnes (7 francs, 3 mois abonnement)",,1902-07-23,,Bibliothèque Annonay,3955,,,F6.2.4,,,,,,,,,,,,
rico:Record,F6.2.4/8,,,"Facture de Filature de Schappe à Augustin Seguin, Lyon (2017,05 francs, pour Marc à New York)",,1902-10-14,,Filature de Schappe,3955,,,F6.2.4,,,,,,,,,,,,
rico:Record,F6.2.4/9,,,"Facture de Syndicat National Agricole à Paul Seguin, 2, Place Carnot, Lyon (5 francs)",,1902-10-19,,Syndicat National Agricole,3930,,,F6.2.4,,,,,,,,,,,,
rico:RecordSet,F6.2.5,Sous-dossier d'archives,,Comptes,1901/1902,,,,,,,F6.2,,,,,,,,,,,,
rico:Record,F6.2.5/1,,,"Facture (17 francs, machine à vapeur)",,1902-04-04,,,,,,F6.2.5,,,,,,,,,,,,
rico:Record,F6.2.5/2,,,"Facture (757,25 francs, achat de foin, paiements de livraisons, vente de fruit et légumes etc)",,1901-10,,,,,,F6.2.5,,,,,,,,,,,,
rico:Record,F6.2.5/3,,,"Facture (407,1 francs, liste de chiffres)",,1902-10-01,,,,,,F6.2.5,,,,,,,,,,,,
rico:Record,F6.2.5/4,,,"Facture (289,65 francs, mélange transports, vêtement, nourriture, charité etc,,,)",,1902-03-16,,,,,,F6.2.5,,,,,,,,,,,,
rico:Record,F6.2.5/5,,,Facture (75 francs),,1902-03-16,,,,,,F6.2.5,,,,,,,,,,,,
rico:Record,F6.2.5/6,,,"Facture (507,5 francs)",,1902-03-16,,,,,,F6.2.5,,,,,,,,,,,,
rico:Record,F6.2.5/7,,,Facture (390 francs),,1902-03-16,,,,,,F6.2.5,,,,,,,,,,,,
rico:Record,F6.2.5/8,,,"Facture (100 francs, docteur)",,1902-03-16,,,,,,F6.2.5,,,,,,,,,,,,
rico:Record,F6.2.5/9,,,"Facture (1213 francs, voyage, +376,6 toilette + 328 enfants + 116,68 divers)",,1902-03-16,,,,,,F6.2.5,,,,,,,,,,,,
rico:RecordSet,F6.3,Dossier d'archives,,Factures de 1903,,,,,,,,F6,,,,,,,,,,,,
rico:RecordSet,F6.3.1,Sous-dossier d'archives,,Loyers,,,,,,,,F6.3,,,,,,,,,,,,
rico:RecordSet,F6.3.2,Sous-dossier d'archives,,Santé,,,,,,,,F6.3,,,,,,,,,,,,
rico:RecordSet,F6.3.3,Sous-dossier d'archives,,Comptes,,,,,,,,F6.3,,,,,,,,,,,,
rico:RecordSet,F6.3.4,Sous-dossier d'archives,,Transports,,,,,,,,F6.3,,,,,,,,,,,,
rico:RecordSet,F6.3.5,Sous-dossier d'archives,,"Arts, lettres, instrumentation",,,,,,,,F6.3,,,,,,,,,,,,
rico:RecordSet,F6.3.6,Sous-dossier d'archives,,Impôts,,,,,,,,F6.3,,,,,,,,,,,,
rico:RecordSet,F6.3.7,Sous-dossier d'archives,,"Bourse, banques",,,,,,,,F6.3,,,,,,,,,,,,
rico:RecordSet,F6.3.8,Sous-dossier d'archives,,"Entreprises, sociétés",,,,,,,,F6.3,,,,,,,,,,,,
rico:RecordSet,F6.3.9,Sous-dossier d'archives,,Ménage,,,,,,,,F6.3,,,,,,,,,,,,
rico:RecordSet,F6.4,Dossier d'archives,,Factures de 1904 (1),,,,,,,,F6,,,,,,,,,,,,
rico:RecordSet,F6.4.1,Sous-dossier d'archives,,Impôts,,,,,,,,F6.4,,,,,,,,,,,,
rico:RecordSet,F6.4.2,Sous-dossier d'archives,,Loyers,,,,,,,,F6.4,,,,,,,,,,,,
rico:RecordSet,F6.4.3,Sous-dossier d'archives,,"Entreprises, sociétés",,,,,,,,F6.4,,,,,,,,,,,,
rico:RecordSet,F6.4.4,Sous-dossier d'archives,,"Bourse, banques",,,,,,,,F6.4,,,,,,,,,,,,
rico:RecordSet,F6.4.5,Sous-dossier d'archives,,Santé,,,,,,,,F6.4,,,,,,,,,,,,
rico:RecordSet,F6.4.6,Sous-dossier d'archives,,Événements,,,,,,,,F6.4,,,,,,,,,,,,
rico:RecordSet,F6.4.7,Sous-dossier d'archives,,École,,,,,,,,F6.4,,,,,,,,,,,,
rico:RecordSet,F6.4.8,Sous-dossier d'archives,,Entretien,,,,,,,,F6.4,,,,,,,,,,,,
rico:RecordSet,F6.5,Dossier d'archives,,Factures de 1904 (2),,,,,,,,F6,,,,,,,,,,,,
rico:RecordSet,F6.5.1,Sous-dossier d'archives,,Ménage,,,,,,,,F6.5,,,,,,,,,,,,
rico:RecordSet,F6.5.2,Sous-dossier d'archives,,Comptes,,,,,,,,F6.5,,,,,,,,,,,,
rico:RecordSet,F6.5.3,Sous-dossier d'archives,,Transports,,,,,,,,F6.5,,,,,,,,,,,,
rico:RecordSet,F6.5.4,Sous-dossier d'archives,,Entretien,,,,,,,,F6.5,,,,,,,,,,,,
rico:RecordSet,F6.5.5,Sous-dossier d'archives,,"Arts, lettres, instrumentation",,,,,,,,F6.5,,,,,,,,,,,,
rico:RecordSet,F6.5.6,Sous-dossier d'archives,,Divers,,,,,,,,F6.5,,,,,,,,,,,,
rico:RecordSet,P1-PVF19,Sous-fonds d'archives,,Plaques de verre photographiques,1880/1920,,,,,,,,,,,,,,,,,,,
rico:RecordSet,PVF1-PVF19,Série d'archives,,Photographies de famille sur plaques de verre,1880/1920,,,,,,,P1-PVF19,,,,,,,,,,,,
rico:RecordSet,PVF1,Sous-série d'archives,,"A. Lumière et ses fils 1. « les Russes » ; « Clichés aux Minous » ; « Clichés à Mimi, Varagnes »",1880/1920,,,,,,,PVF1-PVF19,Salle de classe,,,,,,,,,,,
rico:Record,PVF1/1,,,Photographie de famille sur plaques de verre,1880/1920,,,,,,,PVF1,,"Plaque de verre sèche, gélatino-bromure",,,,,,,,Plaque de verre photographique,,
rico:Record,PVF1/10,,,Photographie de famille sur plaques de verre,1880/1920,,,,,,,PVF1,,"Plaque de verre sèche, gélatino-bromure",,,,,,,,Plaque de verre photographique,,
rico:Record,PVF1/11,,,Photographie de famille sur plaques de verre,1880/1920,,,,,,,PVF1,,"Plaque de verre sèche, gélatino-bromure",,,,,,,,Plaque de verre photographique,,
rico:Record,PVF1/12,,,Photographie de famille sur plaques de verre,1880/1920,,,,,,,PVF1,,"Plaque de verre sèche, gélatino-bromure",,,,,,,,Plaque de verre photographique,,
rico:Record,PVF1/13,,,Photographie de famille sur plaques de verre,1880/1920,,,,,,,PVF1,,"Plaque de verre sèche, gélatino-bromure",,,,,,,,Plaque de verre photographique,,
rico:Record,PVF1/14,,,Photographie de famille sur plaques de verre,1880/1920,,,,,,,PVF1,,"Plaque de verre sèche, gélatino-bromure. Fragment",,,,,,,,Plaque de verre photographique,,
rico:Record,PVF1/15,,,Photographie de famille sur plaques de verre,1880/1920,,,,,,,PVF1,,"Plaque de verre sèche, gélatino-bromure. Fragment",,,,,,,,Plaque de verre photographique,,
rico:Record,PVF1/16,,,Photographie de famille sur plaques de verre,1880/1920,,,,,,,PVF1,,"Plaque de verre sèche, gélatino-bromure. Fragment",,,,,,,,Plaque de verre photographique,,
rico:Record,PVF1/2,,,Photographie de famille sur plaques de verre,1880/1920,,,,,,,PVF1,,"Plaque de verre sèche, gélatino-bromure",,,,,,,,Plaque de verre photographique,,
rico:Record,PVF1/3,,,Photographie de famille sur plaques de verre,1880/1920,,,,,,,PVF1,,"Plaque de verre sèche, gélatino-bromure",,,,,,,,Plaque de verre photographique,,
rico:Record,PVF1/4,,,Photographie de famille sur plaques de verre,1880/1920,,,,,,,PVF1,,"Plaque de verre sèche, gélatino-bromure",,,,,,,,Plaque de verre photographique,,
rico:Record,PVF1/5,,,Photographie de famille sur plaques de verre,1880/1920,,,,,,,PVF1,,"Plaque de verre sèche, gélatino-bromure",,,,,,,,Plaque de verre photographique,,
rico:Record,PVF1/6,,,Photographie de famille sur plaques de verre,1880/1920,,,,,,,PVF1,,"Plaque de verre sèche, gélatino-bromure",,,,,,,,Plaque de verre photographique,,
rico:Record,PVF1/7,,,Photographie de famille sur plaques de verre,1880/1920,,,,,,,PVF1,,"Plaque de verre sèche, gélatino-bromure",,,,,,,,Plaque de verre photographique,,
rico:Record,PVF1/8,,,Photographie de famille sur plaques de verre,1880/1920,,,,,,,PVF1,,"Plaque de verre sèche, gélatino-bromure",,,,,,,,Plaque de verre photographique,,
rico:Record,PVF1/9,,,Photographie de famille sur plaques de verre,1880/1920,,,,,,,PVF1,,"Plaque de verre sèche, gélatino-bromure",,,,,,,,Plaque de verre photographique,,
rico:RecordSet,PVF10,Sous-série d'archives,,"A. Lumière et ses fils 9. Clichés aux Minous, régiment",1880/1920,,,,,,,PVF1-PVF19,Salle de classe,,,,,,,,,,,
rico:Record,PVF10/1,,,Photographie de famille sur plaques de verre,1880/1920,,,,,,,PVF10,,"Plaque de verre sèche, gélatino-bromure",,,,,,,,Plaque de verre photographique,,
rico:Record,PVF10/10,,,Photographie de famille sur plaques de verre,1880/1920,,,,,,,PVF10,,"Plaque de verre sèche, gélatino-bromure",,,,,,,,Plaque de verre photographique,,
rico:Record,PVF10/11,,,Photographie de famille sur plaques de verre,1880/1920,,,,,,,PVF10,,"Plaque de verre sèche, gélatino-bromure",,,,,,,,Plaque de verre photographique,,
rico:Record,PVF10/12,,,Photographie de famille sur plaques de verre,1880/1920,,,,,,,PVF10,,"Plaque de verre sèche, gélatino-bromure",,,,,,,,Plaque de verre photographique,,
rico:Record,PVF10/13,,,Photographie de famille sur plaques de verre,1880/1920,,,,,,,PVF10,,"Plaque de verre sèche, gélatino-bromure",,,,,,,,Plaque de verre photographique,,
rico:Record,PVF10/14,,,Photographie de famille sur plaques de verre,1880/1920,,,,,,,PVF10,,"Plaque de verre sèche, gélatino-bromure",,,,,,,,Plaque de verre photographique,,
rico:Record,PVF10/15,,,Photographie de famille sur plaques de verre,1880/1920,,,,,,,PVF10,,"Plaque de verre sèche, gélatino-bromure",,,,,,,,Plaque de verre photographique,,
rico:Record,PVF10/2,,,Photographie de famille sur plaques de verre,1880/1920,,,,,,,PVF10,,"Plaque de verre sèche, gélatino-bromure",,,,,,,,Plaque de verre photographique,,
rico:Record,PVF10/3,,,Photographie de famille sur plaques de verre,1880/1920,,,,,,,PVF10,,"Plaque de verre sèche, gélatino-bromure",,,,,,,,Plaque de verre photographique,,
rico:Record,PVF10/4,,,Photographie de famille sur plaques de verre,1880/1920,,,,,,,PVF10,,"Plaque de verre sèche, gélatino-bromure",,,,,,,,Plaque de verre photographique,,
rico:Record,PVF10/5,,,Photographie de famille sur plaques de verre,1880/1920,,,,,,,PVF10,,"Plaque de verre sèche, gélatino-bromure",,,,,,,,Plaque de verre photographique,,
rico:Record,PVF10/6,,,Photographie de famille sur plaques de verre,1880/1920,,,,,,,PVF10,,"Plaque de verre sèche, gélatino-bromure",,,,,,,,Plaque de verre photographique,,
rico:Record,PVF10/7,,,Photographie de famille sur plaques de verre,1880/1920,,,,,,,PVF10,,"Plaque de verre sèche, gélatino-bromure",,,,,,,,Plaque de verre photographique,,
rico:Record,PVF10/8,,,Photographie de famille sur plaques de verre,1880/1920,,,,,,,PVF10,,"Plaque de verre sèche, gélatino-bromure",,,,,,,,Plaque de verre photographique,,
rico:Record,PVF10/9,,,Photographie de famille sur plaques de verre,1880/1920,,,,,,,PVF10,,"Plaque de verre sèche, gélatino-bromure",,,,,,,,Plaque de verre photographique,,
rico:RecordSet,PVF11,Sous-série d'archives,,"A. Perron, Macon 1",1880/1920,,,,,,,PVF1-PVF19,Salle de classe,,,,,,,,,,,
rico:Record,PVF11/1,,,Photographie de famille sur plaques de verre,1880/1920,,,,,,,PVF11,,"Plaque de verre sèche, gélatino-bromure",,,,,,,,Plaque de verre photographique,,
rico:Record,PVF11/10,,,Photographie de famille sur plaques de verre,1880/1920,,,,,,,PVF11,,"Plaque de verre sèche, gélatino-bromure",,,,,,,,Plaque de verre photographique,,
rico:Record,PVF11/11,,,Photographie de famille sur plaques de verre,1880/1920,,,,,,,PVF11,,"Plaque de verre sèche, gélatino-bromure",,,,,,,,Plaque de verre photographique,,
rico:Record,PVF11/12,,,Photographie de famille sur plaques de verre,1880/1920,,,,,,,PVF11,,"Plaque de verre sèche, gélatino-bromure",,,,,,,,Plaque de verre photographique,,
rico:Record,PVF11/13,,,Photographie de famille sur plaques de verre,1880/1920,,,,,,,PVF11,,"Plaque de verre sèche, gélatino-bromure",,,,,,,,Plaque de verre photographique,,
rico:Record,PVF11/14,,,Photographie de famille sur plaques de verre,1880/1920,,,,,,,PVF11,,"Plaque de verre sèche, gélatino-bromure",,,,,,,,Plaque de verre photographique,,
rico:Record,PVF11/15,,,Photographie de famille sur plaques de verre,1880/1920,,,,,,,PVF11,,"Plaque de verre sèche, gélatino-bromure",,,,,,,,Plaque de verre photographique,,
rico:Record,PVF11/16,,,Photographie de famille sur plaques de verre,1880/1920,,,,,,,PVF11,,"Plaque de verre sèche, gélatino-bromure",,,,,,,,Plaque de verre photographique,,
rico:Record,PVF11/2,,,Photographie de famille sur plaques de verre,1880/1920,,,,,,,PVF11,,"Plaque de verre sèche, gélatino-bromure",,,,,,,,Plaque de verre photographique,,
rico:Record,PVF11/3,,,Photographie de famille sur plaques de verre,1880/1920,,,,,,,PVF11,,"Plaque de verre sèche, gélatino-bromure",,,,,,,,Plaque de verre photographique,,
rico:Record,PVF11/4,,,Photographie de famille sur plaques de verre,1880/1920,,,,,,,PVF11,,"Plaque de verre sèche, gélatino-bromure",,,,,,,,Plaque de verre photographique,,
rico:Record,PVF11/5,,,Photographie de famille sur plaques de verre,1880/1920,,,,,,,PVF11,,"Plaque de verre sèche, gélatino-bromure",,,,,,,,Plaque de verre photographique,,
rico:Record,PVF11/6,,,Photographie de famille sur plaques de verre,1880/1920,,,,,,,PVF11,,"Plaque de verre sèche, gélatino-bromure",,,,,,,,Plaque de verre photographique,,
rico:Record,PVF11/7,,,Photographie de famille sur plaques de verre,1880/1920,,,,,,,PVF11,,"Plaque de verre sèche, gélatino-bromure",,,,,,,,Plaque de verre photographique,,
rico:Record,PVF11/8,,,Photographie de famille sur plaques de verre,1880/1920,,,,,,,PVF11,,"Plaque de verre sèche, gélatino-bromure",,,,,,,,Plaque de verre photographique,,
rico:Record,PVF11/9,,,Photographie de famille sur plaques de verre,1880/1920,,,,,,,PVF11,,"Plaque de verre sèche, gélatino-bromure",,,,,,,,Plaque de verre photographique,,
rico:RecordSet,PVF12,Sous-série d'archives,,A. Lumière et ses fils 10,1880/1920,,,,,,,PVF1-PVF19,Salle de classe,,,,,,,,,,,
rico:Record,PVF12/1,,,Photographie de famille sur plaques de verre,1880/1920,,,,,,,PVF12,,"Plaque de verre sèche, gélatino-bromure",,,,,,,,Plaque de verre photographique,,
rico:Record,PVF12/2,,,Photographie de famille sur plaques de verre,1880/1920,,,,,,,PVF12,,"Plaque de verre sèche, gélatino-bromure",,,,,,,,Plaque de verre photographique,,
rico:Record,PVF12/3,,,Photographie de famille sur plaques de verre,1880/1920,,,,,,,PVF12,,"Plaque de verre sèche, gélatino-bromure",,,,,,,,Plaque de verre photographique,,
rico:Record,PVF12/4,,,Photographie de famille sur plaques de verre,1880/1920,,,,,,,PVF12,,"Plaque de verre sèche, gélatino-bromure",,,,,,,,Plaque de verre photographique,,
rico:Record,PVF12/5,,,Photographie de famille sur plaques de verre,1880/1920,,,,,,,PVF12,,"Plaque de verre sèche, gélatino-bromure",,,,,,,,Plaque de verre photographique,,
rico:Record,PVF12/6,,,Photographie de famille sur plaques de verre,1880/1920,,,,,,,PVF12,,"Plaque de verre sèche, gélatino-bromure",,,,,,,,Plaque de verre photographique,,
rico:Record,PVF12/7,,,Photographie de famille sur plaques de verre,1880/1920,,,,,,,PVF12,,"Plaque de verre sèche, gélatino-bromure",,,,,,,,Plaque de verre photographique,,
rico:RecordSet,PVF13,Sous-série d'archives,,A. Lumière et ses fils 11,1880/1920,,,,,,,PVF1-PVF19,Salle de classe,,,,,,,,,,,
rico:Record,PVF13/1,,,Photographie de famille sur plaques de verre,1880/1920,,,,,,,PVF13,,"Plaque de verre sèche, gélatino-bromure",,,,,,,,Plaque de verre photographique,,
rico:Record,PVF13/10,,,Photographie de famille sur plaques de verre,1880/1920,,,,,,,PVF13,,"Plaque de verre sèche, gélatino-bromure",,,,,,,,Plaque de verre photographique,,
rico:Record,PVF13/11,,,Photographie de famille sur plaques de verre,1880/1920,,,,,,,PVF13,,"Plaque de verre sèche, gélatino-bromure",,,,,,,,Plaque de verre photographique,,
rico:Record,PVF13/12,,,Photographie de famille sur plaques de verre,1880/1920,,,,,,,PVF13,,"Plaque de verre sèche, gélatino-bromure",,,,,,,,Plaque de verre photographique,,
rico:Record,PVF13/13,,,Photographie de famille sur plaques de verre,1880/1920,,,,,,,PVF13,,"Plaque de verre sèche, gélatino-bromure",,,,,,,,Plaque de verre photographique,,
rico:Record,PVF13/14,,,Photographie de famille sur plaques de verre,1880/1920,,,,,,,PVF13,,"Plaque de verre sèche, gélatino-bromure",,,,,,,,Plaque de verre photographique,,
rico:Record,PVF13/15,,,Photographie de famille sur plaques de verre,1880/1920,,,,,,,PVF13,,"Plaque de verre sèche, gélatino-bromure",,,,,,,,Plaque de verre photographique,,
rico:Record,PVF13/16,,,Photographie de famille sur plaques de verre,1880/1920,,,,,,,PVF13,,"Plaque de verre sèche, gélatino-bromure",,,,,,,,Plaque de verre photographique,,
rico:Record,PVF13/17,,,Photographie de famille sur plaques de verre,1880/1920,,,,,,,PVF13,,"Plaque de verre sèche, gélatino-bromure",,,,,,,,Plaque de verre photographique,,
rico:Record,PVF13/18,,,Photographie de famille sur plaques de verre,1880/1920,,,,,,,PVF13,,"Plaque de verre sèche, gélatino-bromure",,,,,,,,Plaque de verre photographique,,
rico:Record,PVF13/19,,,Photographie de famille sur plaques de verre,1880/1920,,,,,,,PVF13,,"Plaque de verre sèche, gélatino-bromure. Oxydée",,,,,,,,Plaque de verre photographique,,
rico:Record,PVF13/2,,,Photographie de famille sur plaques de verre,1880/1920,,,,,,,PVF13,,"Plaque de verre sèche, gélatino-bromure",,,,,,,,Plaque de verre photographique,,
rico:Record,PVF13/20,,,Photographie de famille sur plaques de verre,1880/1920,,,,,,,PVF13,,"Plaque de verre sèche, gélatino-bromure. Cassée",,,,,,,,Plaque de verre photographique,,
rico:Record,PVF13/3,,,Photographie de famille sur plaques de verre,1880/1920,,,,,,,PVF13,,"Plaque de verre sèche, gélatino-bromure",,,,,,,,Plaque de verre photographique,,
rico:Record,PVF13/4,,,Photographie de famille sur plaques de verre,1880/1920,,,,,,,PVF13,,"Plaque de verre sèche, gélatino-bromure",,,,,,,,Plaque de verre photographique,,
rico:Record,PVF13/5,,,Photographie de famille sur plaques de verre,1880/1920,,,,,,,PVF13,,"Plaque de verre sèche, gélatino-bromure",,,,,,,,Plaque de verre photographique,,
rico:Record,PVF13/6,,,Photographie de famille sur plaques de verre,1880/1920,,,,,,,PVF13,,"Plaque de verre sèche, gélatino-bromure",,,,,,,,Plaque de verre photographique,,
rico:Record,PVF13/7,,,Photographie de famille sur plaques de verre,1880/1920,,,,,,,PVF13,,"Plaque de verre sèche, gélatino-bromure",,,,,,,,Plaque de verre photographique,,
rico:Record,PVF13/8,,,Photographie de famille sur plaques de verre,1880/1920,,,,,,,PVF13,,"Plaque de verre sèche, gélatino-bromure",,,,,,,,Plaque de verre photographique,,
rico:Record,PVF13/9,,,Photographie de famille sur plaques de verre,1880/1920,,,,,,,PVF13,,"Plaque de verre sèche, gélatino-bromure",,,,,,,,Plaque de verre photographique,,
rico:RecordSet,PVF14,Sous-série d'archives,,A. Lumière et ses fils 12,1880/1920,,,,,,,PVF1-PVF19,Salle de classe,,,,,,,,,,,
rico:Record,PVF14/1,,,Photographie de famille sur plaques de verre,1880/1920,,,,,,,PVF14,,"Plaque de verre sèche, gélatino-bromure",,,,,,,,Plaque de verre photographique,,
rico:Record,PVF14/10,,,Photographie de famille sur plaques de verre,1880/1920,,,,,,,PVF14,,"Plaque de verre sèche, gélatino-bromure",,,,,,,,Plaque de verre photographique,,
rico:Record,PVF14/11,,,Photographie de famille sur plaques de verre,1880/1920,,,,,,,PVF14,,"Plaque de verre sèche, gélatino-bromure",,,,,,,,Plaque de verre photographique,,
rico:Record,PVF14/12,,,Photographie de famille sur plaques de verre,1880/1920,,,,,,,PVF14,,"Plaque de verre sèche, gélatino-bromure",,,,,,,,Plaque de verre photographique,,
rico:Record,PVF14/13,,,Photographie de famille sur plaques de verre,1880/1920,,,,,,,PVF14,,"Plaque de verre sèche, gélatino-bromure",,,,,,,,Plaque de verre photographique,,
rico:Record,PVF14/14,,,Photographie de famille sur plaques de verre,1880/1920,,,,,,,PVF14,,"Plaque de verre sèche, gélatino-bromure",,,,,,,,Plaque de verre photographique,,
rico:Record,PVF14/15,,,Photographie de famille sur plaques de verre,1880/1920,,,,,,,PVF14,,"Plaque de verre sèche, gélatino-bromure",,,,,,,,Plaque de verre photographique,,
rico:Record,PVF14/16,,,Photographie de famille sur plaques de verre,1880/1920,,,,,,,PVF14,,"Plaque de verre sèche, gélatino-bromure",,,,,,,,Plaque de verre photographique,,
rico:Record,PVF14/17,,,Photographie de famille sur plaques de verre,1880/1920,,,,,,,PVF14,,"Plaque de verre sèche, gélatino-bromure",,,,,,,,Plaque de verre photographique,,
rico:Record,PVF14/18,,,Photographie de famille sur plaques de verre,1880/1920,,,,,,,PVF14,,"Plaque de verre sèche, gélatino-bromure",,,,,,,,Plaque de verre photographique,,
rico:Record,PVF14/19,,,Photographie de famille sur plaques de verre,1880/1920,,,,,,,PVF14,,"Plaque de verre sèche, gélatino-bromure",,,,,,,,Plaque de verre photographique,,
rico:Record,PVF14/2,,,Photographie de famille sur plaques de verre,1880/1920,,,,,,,PVF14,,"Plaque de verre sèche, gélatino-bromure",,,,,,,,Plaque de verre photographique,,
rico:Record,PVF14/20,,,Photographie de famille sur plaques de verre,1880/1920,,,,,,,PVF14,,"Plaque de verre sèche, gélatino-bromure",,,,,,,,Plaque de verre photographique,,
rico:Record,PVF14/21,,,Photographie de famille sur plaques de verre,1880/1920,,,,,,,PVF14,,"Plaque de verre sèche, gélatino-bromure",,,,,,,,Plaque de verre photographique,,
rico:Record,PVF14/22,,,Photographie de famille sur plaques de verre,1880/1920,,,,,,,PVF14,,"Plaque de verre sèche, gélatino-bromure",,,,,,,,Plaque de verre photographique,,
rico:Record,PVF14/23,,,Photographie de famille sur plaques de verre,1880/1920,,,,,,,PVF14,,"Plaque de verre sèche, gélatino-bromure",,,,,,,,Plaque de verre photographique,,
rico:Record,PVF14/24,,,Photographie de famille sur plaques de verre,1880/1920,,,,,,,PVF14,,"Plaque de verre sèche, gélatino-bromure",,,,,,,,Plaque de verre photographique,,
rico:Record,PVF14/25,,,Photographie de famille sur plaques de verre,1880/1920,,,,,,,PVF14,,"Plaque de verre sèche, gélatino-bromure",,,,,,,,Plaque de verre photographique,,
rico:Record,PVF14/26,,,Photographie de famille sur plaques de verre,1880/1920,,,,,,,PVF14,,"Plaque de verre sèche, gélatino-bromure",,,,,,,,Plaque de verre photographique,,
rico:Record,PVF14/27,,,Photographie de famille sur plaques de verre,1880/1920,,,,,,,PVF14,,"Plaque de verre sèche, gélatino-bromure",,,,,,,,Plaque de verre photographique,,
rico:Record,PVF14/3,,,Photographie de famille sur plaques de verre,1880/1920,,,,,,,PVF14,,"Plaque de verre sèche, gélatino-bromure",,,,,,,,Plaque de verre photographique,,
rico:Record,PVF14/4,,,Photographie de famille sur plaques de verre,1880/1920,,,,,,,PVF14,,"Plaque de verre sèche, gélatino-bromure",,,,,,,,Plaque de verre photographique,,
rico:Record,PVF14/5,,,Photographie de famille sur plaques de verre,1880/1920,,,,,,,PVF14,,"Plaque de verre sèche, gélatino-bromure",,,,,,,,Plaque de verre photographique,,
rico:Record,PVF14/6,,,Photographie de famille sur plaques de verre,1880/1920,,,,,,,PVF14,,"Plaque de verre sèche, gélatino-bromure",,,,,,,,Plaque de verre photographique,,
rico:Record,PVF14/7,,,Photographie de famille sur plaques de verre,1880/1920,,,,,,,PVF14,,"Plaque de verre sèche, gélatino-bromure",,,,,,,,Plaque de verre photographique,,
rico:Record,PVF14/8,,,Photographie de famille sur plaques de verre,1880/1920,,,,,,,PVF14,,"Plaque de verre sèche, gélatino-bromure",,,,,,,,Plaque de verre photographique,,
rico:Record,PVF14/9,,,Photographie de famille sur plaques de verre,1880/1920,,,,,,,PVF14,,"Plaque de verre sèche, gélatino-bromure",,,,,,,,Plaque de verre photographique,,
rico:RecordSet,PVF15,Sous-série d'archives,,"A. Perron, Macon 2",1880/1920,,,,,,,PVF1-PVF19,Salle de classe,,,,,,,,,,,
rico:Record,PVF15/1,,,Photographie de famille sur plaques de verre,1880/1920,,,,,,,PVF15,,"Plaque de verre sèche, gélatino-bromure",,,,,,,,Plaque de verre photographique,,
rico:Record,PVF15/10,,,Photographie de famille sur plaques de verre,1880/1920,,,,,,,PVF15,,"Plaque de verre sèche, gélatino-bromure",,,,,,,,Plaque de verre photographique,,
rico:Record,PVF15/11,,,Photographie de famille sur plaques de verre,1880/1920,,,,,,,PVF15,,"Plaque de verre sèche, gélatino-bromure",,,,,,,,Plaque de verre photographique,,
rico:Record,PVF15/12,,,Photographie de famille sur plaques de verre,1880/1920,,,,,,,PVF15,,"Plaque de verre sèche, gélatino-bromure",,,,,,,,Plaque de verre photographique,,
rico:Record,PVF15/13,,,Photographie de famille sur plaques de verre,1880/1920,,,,,,,PVF15,,"Plaque de verre sèche, gélatino-bromure",,,,,,,,Plaque de verre photographique,,
rico:Record,PVF15/14,,,Photographie de famille sur plaques de verre,1880/1920,,,,,,,PVF15,,"Plaque de verre sèche, gélatino-bromure",,,,,,,,Plaque de verre photographique,,
rico:Record,PVF15/16,,,Photographie de famille sur plaques de verre,1880/1920,,,,,,,PVF15,,"Plaque de verre sèche, gélatino-bromure",,,,,,,,Plaque de verre photographique,,
rico:Record,PVF15/17,,,Photographie de famille sur plaques de verre,1880/1920,,,,,,,PVF15,,"Plaque de verre sèche, gélatino-bromure",,,,,,,,Plaque de verre photographique,,
rico:Record,PVF15/18,,,Photographie de famille sur plaques de verre,1880/1920,,,,,,,PVF15,,"Plaque de verre sèche, gélatino-bromure",,,,,,,,Plaque de verre photographique,,
rico:Record,PVF15/19,,,Photographie de famille sur plaques de verre,1880/1920,,,,,,,PVF15,,"Plaque de verre sèche, gélatino-bromure",,,,,,,,Plaque de verre photographique,,
rico:Record,PVF15/2,,,Photographie de famille sur plaques de verre,1880/1920,,,,,,,PVF15,,"Plaque de verre sèche, gélatino-bromure",,,,,,,,Plaque de verre photographique,,
rico:Record,PVF15/20,,,Photographie de famille sur plaques de verre,1880/1920,,,,,,,PVF15,,"Plaque de verre sèche, gélatino-bromure",,,,,,,,Plaque de verre photographique,,
rico:Record,PVF15/3,,,Photographie de famille sur plaques de verre,1880/1920,,,,,,,PVF15,,"Plaque de verre sèche, gélatino-bromure",,,,,,,,Plaque de verre photographique,,
rico:Record,PVF15/4,,,Photographie de famille sur plaques de verre,1880/1920,,,,,,,PVF15,,"Plaque de verre sèche, gélatino-bromure",,,,,,,,Plaque de verre photographique,,
rico:Record,PVF15/5,,,Photographie de famille sur plaques de verre,1880/1920,,,,,,,PVF15,,"Plaque de verre sèche, gélatino-bromure",,,,,,,,Plaque de verre photographique,,
rico:Record,PVF15/6,,,Photographie de famille sur plaques de verre,1880/1920,,,,,,,PVF15,,"Plaque de verre sèche, gélatino-bromure",,,,,,,,Plaque de verre photographique,,
rico:Record,PVF15/7,,,Photographie de famille sur plaques de verre,1880/1920,,,,,,,PVF15,,"Plaque de verre sèche, gélatino-bromure",,,,,,,,Plaque de verre photographique,,
rico:Record,PVF15/8,,,Photographie de famille sur plaques de verre,1880/1920,,,,,,,PVF15,,"Plaque de verre sèche, gélatino-bromure",,,,,,,,Plaque de verre photographique,,
rico:Record,PVF15/9,,,Photographie de famille sur plaques de verre,1880/1920,,,,,,,PVF15,,"Plaque de verre sèche, gélatino-bromure",,,,,,,,Plaque de verre photographique,,
rico:RecordSet,PVF16,Sous-série d'archives,,[Boîte sans titre 1],1880/1920,,,,,,,PVF1-PVF19,Salle de classe,,,,,,,,,,,
rico:Record,PVF16/1,,,Photographie de famille sur plaques de verre,1880/1920,,,,,,,PVF16,,"Plaque de verre sèche, gélatino-bromure",,,,,,,,Plaque de verre photographique,,
rico:Record,PVF16/10,,,Photographie de famille sur plaques de verre,1880/1920,,,,,,,PVF16,,"Plaque de verre sèche, gélatino-bromure",,,,,,,,Plaque de verre photographique,,
rico:Record,PVF16/11,,,Photographie de famille sur plaques de verre,1880/1920,,,,,,,PVF16,,"Plaque de verre sèche, gélatino-bromure",,,,,,,,Plaque de verre photographique,,
rico:Record,PVF16/12,,,Photographie de famille sur plaques de verre,1880/1920,,,,,,,PVF16,,"Plaque de verre sèche, gélatino-bromure",,,,,,,,Plaque de verre photographique,,
rico:Record,PVF16/13,,,Photographie de famille sur plaques de verre,1880/1920,,,,,,,PVF16,,"Plaque de verre sèche, gélatino-bromure",,,,,,,,Plaque de verre photographique,,
rico:Record,PVF16/14,,,Photographie de famille sur plaques de verre,1880/1920,,,,,,,PVF16,,"Plaque de verre sèche, gélatino-bromure",,,,,,,,Plaque de verre photographique,,
rico:Record,PVF16/15,,,Photographie de famille sur plaques de verre,1880/1920,,,,,,,PVF16,,"Plaque de verre sèche, gélatino-bromure",,,,,,,,Plaque de verre photographique,,
rico:Record,PVF16/16,,,Photographie de famille sur plaques de verre,1880/1920,,,,,,,PVF16,,"Plaque de verre sèche, gélatino-bromure",,,,,,,,Plaque de verre photographique,,
rico:Record,PVF16/17,,,Photographie de famille sur plaques de verre,1880/1920,,,,,,,PVF16,,"Plaque de verre sèche, gélatino-bromure",,,,,,,,Plaque de verre photographique,,
rico:Record,PVF16/18,,,Photographie de famille sur plaques de verre,1880/1920,,,,,,,PVF16,,"Plaque de verre sèche, gélatino-bromure",,,,,,,,Plaque de verre photographique,,
rico:Record,PVF16/19,,,Photographie de famille sur plaques de verre,1880/1920,,,,,,,PVF16,,"Plaque de verre sèche, gélatino-bromure",,,,,,,,Plaque de verre photographique,,
rico:Record,PVF16/2,,,Photographie de famille sur plaques de verre,1880/1920,,,,,,,PVF16,,"Plaque de verre sèche, gélatino-bromure",,,,,,,,Plaque de verre photographique,,
rico:Record,PVF16/20,,,Photographie de famille sur plaques de verre,1880/1920,,,,,,,PVF16,,"Plaque de verre sèche, gélatino-bromure",,,,,,,,Plaque de verre photographique,,
rico:Record,PVF16/21,,,Photographie de famille sur plaques de verre,1880/1920,,,,,,,PVF16,,"Plaque de verre sèche, gélatino-bromure",,,,,,,,Plaque de verre photographique,,
rico:Record,PVF16/22,,,Photographie de famille sur plaques de verre,1880/1920,,,,,,,PVF16,,"Plaque de verre sèche, gélatino-bromure",,,,,,,,Plaque de verre photographique,,
rico:Record,PVF16/23,,,Photographie de famille sur plaques de verre,1880/1920,,,,,,,PVF16,,"Plaque de verre sèche, gélatino-bromure",,,,,,,,Plaque de verre photographique,,
rico:Record,PVF16/24,,,Photographie de famille sur plaques de verre,1880/1920,,,,,,,PVF16,,"Plaque de verre sèche, gélatino-bromure",,,,,,,,Plaque de verre photographique,,
rico:Record,PVF16/25,,,Photographie de famille sur plaques de verre,1880/1920,,,,,,,PVF16,,"Plaque de verre sèche, gélatino-bromure",,,,,,,,Plaque de verre photographique,,
rico:Record,PVF16/26,,,Photographie de famille sur plaques de verre,1880/1920,,,,,,,PVF16,,"Plaque de verre sèche, gélatino-bromure",,,,,,,,Plaque de verre photographique,,
rico:Record,PVF16/27,,,Photographie de famille sur plaques de verre,1880/1920,,,,,,,PVF16,,"Plaque de verre sèche, gélatino-bromure",,,,,,,,Plaque de verre photographique,,
rico:Record,PVF16/28,,,Photographie de famille sur plaques de verre,1880/1920,,,,,,,PVF16,,"Plaque de verre sèche, gélatino-bromure",,,,,,,,Plaque de verre photographique,,
rico:Record,PVF16/29,,,Photographie de famille sur plaques de verre,1880/1920,,,,,,,PVF16,,"Plaque de verre sèche, gélatino-bromure",,,,,,,,Plaque de verre photographique,,
rico:Record,PVF16/3,,,Photographie de famille sur plaques de verre,1880/1920,,,,,,,PVF16,,"Plaque de verre sèche, gélatino-bromure",,,,,,,,Plaque de verre photographique,,
rico:Record,PVF16/30,,,Photographie de famille sur plaques de verre,1880/1920,,,,,,,PVF16,,"Plaque de verre sèche, gélatino-bromure",,,,,,,,Plaque de verre photographique,,
rico:Record,PVF16/31,,,Photographie de famille sur plaques de verre,1880/1920,,,,,,,PVF16,,"Plaque de verre sèche, gélatino-bromure",,,,,,,,Plaque de verre photographique,,
rico:Record,PVF16/32,,,Photographie de famille sur plaques de verre,1880/1920,,,,,,,PVF16,,"Plaque de verre sèche, gélatino-bromure",,,,,,,,Plaque de verre photographique,,
rico:Record,PVF16/33,,,Photographie de famille sur plaques de verre,1880/1920,,,,,,,PVF16,,"Plaque de verre sèche, gélatino-bromure",,,,,,,,Plaque de verre photographique,,
rico:Record,PVF16/34,,,Photographie de famille sur plaques de verre,1880/1920,,,,,,,PVF16,,"Plaque de verre sèche, gélatino-bromure",,,,,,,,Plaque de verre photographique,,
rico:Record,PVF16/35,,,Photographie de famille sur plaques de verre,1880/1920,,,,,,,PVF16,,"Plaque de verre sèche, gélatino-bromure",,,,,,,,Plaque de verre photographique,,
rico:Record,PVF16/36,,,Photographie de famille sur plaques de verre,1880/1920,,,,,,,PVF16,,"Plaque de verre sèche, gélatino-bromure",,,,,,,,Plaque de verre photographique,,
rico:Record,PVF16/37,,,Photographie de famille sur plaques de verre,1880/1920,,,,,,,PVF16,,"Plaque de verre sèche, gélatino-bromure",,,,,,,,Plaque de verre photographique,,
rico:Record,PVF16/38,,,Photographie de famille sur plaques de verre,1880/1920,,,,,,,PVF16,,"Plaque de verre sèche, gélatino-bromure",,,,,,,,Plaque de verre photographique,,
rico:Record,PVF16/39,,,Photographie de famille sur plaques de verre,1880/1920,,,,,,,PVF16,,"Plaque de verre sèche, gélatino-bromure",,,,,,,,Plaque de verre photographique,,
rico:Record,PVF16/4,,,Photographie de famille sur plaques de verre,1880/1920,,,,,,,PVF16,,"Plaque de verre sèche, gélatino-bromure",,,,,,,,Plaque de verre photographique,,
rico:Record,PVF16/40,,,Photographie de famille sur plaques de verre,1880/1920,,,,,,,PVF16,,"Plaque de verre sèche, gélatino-bromure",,,,,,,,Plaque de verre photographique,,
rico:Record,PVF16/41,,,Photographie de famille sur plaques de verre,1880/1920,,,,,,,PVF16,,"Plaque de verre sèche, gélatino-bromure",,,,,,,,Plaque de verre photographique,,
rico:Record,PVF16/42,,,Photographie de famille sur plaques de verre,1880/1920,,,,,,,PVF16,,"Plaque de verre sèche, gélatino-bromure",,,,,,,,Plaque de verre photographique,,
rico:Record,PVF16/5,,,Photographie de famille sur plaques de verre,1880/1920,,,,,,,PVF16,,"Plaque de verre sèche, gélatino-bromure",,,,,,,,Plaque de verre photographique,,
rico:Record,PVF16/6,,,Photographie de famille sur plaques de verre,1880/1920,,,,,,,PVF16,,"Plaque de verre sèche, gélatino-bromure",,,,,,,,Plaque de verre photographique,,
rico:Record,PVF16/7,,,Photographie de famille sur plaques de verre,1880/1920,,,,,,,PVF16,,"Plaque de verre sèche, gélatino-bromure",,,,,,,,Plaque de verre photographique,,
rico:Record,PVF16/8,,,Photographie de famille sur plaques de verre,1880/1920,,,,,,,PVF16,,"Plaque de verre sèche, gélatino-bromure",,,,,,,,Plaque de verre photographique,,
rico:Record,PVF16/9,,,Photographie de famille sur plaques de verre,1880/1920,,,,,,,PVF16,,"Plaque de verre sèche, gélatino-bromure",,,,,,,,Plaque de verre photographique,,
rico:RecordSet,PVF17,Sous-série d'archives,,"[Boîte sans titre 2] Essais radiographiques, portraits, stéréoscopies",1880/1920,,,,,,,PVF1-PVF19,Salle de classe,,,,,,,,,,,
rico:RecordSet,PVF17.1,Dossier d'archives,,Essais radiographiques,1880/1920,,,,,,,PVF17,,,,,,,,,,,,
rico:Record,PVF17.1/1,,,Photographie de famille sur plaques de verre. Essai radiographique,1880/1920,,,,,,,PVF17.1,,,,,,,,,,Plaque de verre photographique,,
rico:Record,PVF17.1/2,,,Photographie de famille sur plaques de verre. Essai radiographique,1880/1920,,,,,,,PVF17.1,,,,,,,,,,Plaque de verre photographique,,
rico:Record,PVF17.1/3,,,Photographie de famille sur plaques de verre. Essai radiographique,1880/1920,,,,,,,PVF17.1,,,,,,,,,,Plaque de verre photographique,,
rico:Record,PVF17.1/4,,,Photographie de famille sur plaques de verre. Essai radiographique,1880/1920,,,,,,,PVF17.1,,,,,,,,,,Plaque de verre photographique,,
rico:Record,PVF17.1/5,,,Photographie de famille sur plaques de verre. Essai radiographique,1880/1920,,,,,,,PVF17.1,,,,,,,,,,Plaque de verre photographique,,
rico:Record,PVF17.1/6,,,Photographie de famille sur plaques de verre. Essai radiographique,1880/1920,,,,,,,PVF17.1,,,,,,,,,,Plaque de verre photographique,,
rico:Record,PVF17.1/7,,,Photographie de famille sur plaques de verre. Essai radiographique,1880/1920,,,,,,,PVF17.1,,,,,,,,,,Plaque de verre photographique,,
rico:Record,PVF17.1/8,,,Photographie de famille sur plaques de verre. Essai radiographique,1880/1920,,,,,,,PVF17.1,,,,,,,,,,Plaque de verre photographique,,
rico:RecordSet,PVF17.2,Dossier d'archives,,Portraits,1880/1920,,,,,,,PVF17,,,,,,,,,,,,
rico:Record,PVF17.2/1,,,Photographie de famille sur plaques de verre. Portrait,1880/1920,,,,,,,PVF17.2,,,,,,,,,,Plaque de verre photographique,,
rico:Record,PVF17.2/10,,,Photographie de famille sur plaques de verre. Portrait,1880/1920,,,,,,,PVF17.2,,,,,,,,,,Plaque de verre photographique,,
rico:Record,PVF17.2/11,,,Photographie de famille sur plaques de verre. Portrait,1880/1920,,,,,,,PVF17.2,,Plaque cassée (brisure au niveau du quart inférieur),,,,,,,,Plaque de verre photographique,,
rico:Record,PVF17.2/2,,,Photographie de famille sur plaques de verre. Portrait,1880/1920,,,,,,,PVF17.2,,,,,,,,,,Plaque de verre photographique,,
rico:Record,PVF17.2/3,,,Photographie de famille sur plaques de verre. Portrait,1880/1920,,,,,,,PVF17.2,,,,,,,,,,Plaque de verre photographique,,
rico:Record,PVF17.2/4,,,Photographie de famille sur plaques de verre. Portrait,1880/1920,,,,,,,PVF17.2,,,,,,,,,,Plaque de verre photographique,,
rico:Record,PVF17.2/5,,,Photographie de famille sur plaques de verre. Portrait,1880/1920,,,,,,,PVF17.2,,,,,,,,,,Plaque de verre photographique,,
rico:Record,PVF17.2/6,,,Photographie de famille sur plaques de verre. Portrait,1880/1920,,,,,,,PVF17.2,,,,,,,,,,Plaque de verre photographique,,
rico:Record,PVF17.2/7,,,Photographie de famille sur plaques de verre. Portrait,1880/1920,,,,,,,PVF17.2,,,,,,,,,,Plaque de verre photographique,,
rico:Record,PVF17.2/8,,,Photographie de famille sur plaques de verre. Portrait,1880/1920,,,,,,,PVF17.2,,,,,,,,,,Plaque de verre photographique,,
rico:Record,PVF17.2/9,,,Photographie de famille sur plaques de verre. Portrait,1880/1920,,,,,,,PVF17.2,,,,,,,,,,Plaque de verre photographique,,
rico:RecordSet,PVF17.3,Dossier d'archives,,Stéréoscopies,1880/1920,,,,,,,PVF17,,,,,,,,,,,,
rico:Record,PVF17.3/1,,,Stéréoscopie d’un voyage,1880/1920,,,,,,,PVF17.3,,Cadre en métal,,,,,,,,Plaque de verre photographique,,
rico:Record,PVF17.3/2,,,Stéréoscopie : portrait de femme,1880/1920,,,,,,,PVF17.3,,,,,,,,,,Plaque de verre photographique,,
rico:Record,PVF17.3/3,,,Stéréoscopie : deux enfants,1880/1920,,,,,,,PVF17.3,,,,,,,,,,Plaque de verre photographique,,
rico:RecordSet,PVF18,Sous-série d'archives,,[Boîte sans titre 3] Stéréoscopies,1880/1920,,,,,,,PVF1-PVF19,Salle de classe,,,,,,,,,,,
rico:Record,PVF18/1,,,Stéréoscopie: deux enfants. Ensemble de 15 fragments non cohérents entre eux,1880/1920,,,,,,,PVF18,,,,,,,,,,Plaque de verre photographique,,
rico:RecordSet,PVF19,Sous-série d'archives,,[Boîte sans titre 4] Stéréoscopie et autres,1880/1920,,,,,,,PVF1-PVF19,Salle de classe,,,,,,,,,,,
rico:Record,PVF19.1/1,,,Vues stéréoscopiques achetées,1880/1920,,,,,,,PVF19,,,,,,,,,,Plaque de verre photographique,,
rico:Record,PVF19.1/10,,,Photographie de famille sur plaques de verre,1880/1920,,,,,,,PVF19,,,,,,,,,,Plaque de verre photographique,,
rico:Record,PVF19.1/11,,,Photographie de famille sur plaques de verre,1880/1920,,,,,,,PVF19,,,,,,,,,,Plaque de verre photographique,,
rico:Record,PVF19.1/12,,,Photographie de famille sur plaques de verre,1880/1920,,,,,,,PVF19,,,,,,,,,,Plaque de verre photographique,,
rico:Record,PVF19.1/13,,,Photographie de famille sur plaques de verre,1880/1920,,,,,,,PVF19,,,,,,,,,,Plaque de verre photographique,,
rico:Record,PVF19.1/14,,,Photographie de famille sur plaques de verre,1880/1920,,,,,,,PVF19,,,,,,,,,,Plaque de verre photographique,,
rico:Record,PVF19.1/15,,,Photographie de famille sur plaques de verre,1880/1920,,,,,,,PVF19,,,,,,,,,,Plaque de verre photographique,,
rico:Record,PVF19.1/16,,,Photographie de famille sur plaques de verre,1880/1920,,,,,,,PVF19,,,,,,,,,,Plaque de verre photographique,,
rico:Record,PVF19.1/17,,,Photographie de famille sur plaques de verre,1880/1920,,,,,,,PVF19,,,,,,,,,,Plaque de verre photographique,,
rico:Record,PVF19.1/18,,,Photographie de famille sur plaques de verre,1880/1920,,,,,,,PVF19,,,,,,,,,,Plaque de verre photographique,,
rico:Record,PVF19.1/19,,,Photographie de famille sur plaques de verre,1880/1920,,,,,,,PVF19,,,,,,,,,,Plaque de verre photographique,,
rico:Record,PVF19.1/2,,,Photographie de famille sur plaques de verre,1880/1920,,,,,,,PVF19,,,,,,,,,,Plaque de verre photographique,,
rico:Record,PVF19.1/20,,,Photographie de famille sur plaques de verre,1880/1920,,,,,,,PVF19,,,,,,,,,,Plaque de verre photographique,,
rico:Record,PVF19.1/21,,,Photographie de famille sur plaques de verre,1880/1920,,,,,,,PVF19,,,,,,,,,,Plaque de verre photographique,,
rico:Record,PVF19.1/22,,,Photographie de famille sur plaques de verre,1880/1920,,,,,,,PVF19,,,,,,,,,,Plaque de verre photographique,,
rico:Record,PVF19.1/23,,,Photographie de famille sur plaques de verre,1880/1920,,,,,,,PVF19,,,,,,,,,,Plaque de verre photographique,,
rico:Record,PVF19.1/24,,,Photographie de famille sur plaques de verre,1880/1920,,,,,,,PVF19,,,,,,,,,,Plaque de verre photographique,,
rico:Record,PVF19.1/25,,,Vues stéréoscopiques achetées,1880/1920,,,,,,,PVF19,,,,,,,,,,Plaque de verre photographique,,
rico:Record,PVF19.1/3,,,Photographie de famille sur plaques de verre,1880/1920,,,,,,,PVF19,,,,,,,,,,Plaque de verre photographique,,
rico:Record,PVF19.1/4,,,Photographie de famille sur plaques de verre,1880/1920,,,,,,,PVF19,,,,,,,,,,Plaque de verre photographique,,
rico:Record,PVF19.1/5,,,Photographie de famille sur plaques de verre,1880/1920,,,,,,,PVF19,,,,,,,,,,Plaque de verre photographique,,
rico:Record,PVF19.1/6,,,Photographie de famille sur plaques de verre,1880/1920,,,,,,,PVF19,,,,,,,,,,Plaque de verre photographique,,
rico:Record,PVF19.1/7,,,Photographie de famille sur plaques de verre,1880/1920,,,,,,,PVF19,,,,,,,,,,Plaque de verre photographique,,
rico:Record,PVF19.1/8,,,Photographie de famille sur plaques de verre,1880/1920,,,,,,,PVF19,,,,,,,,,,Plaque de verre photographique,,
rico:Record,PVF19.1/9,,,Photographie de famille sur plaques de verre,1880/1920,,,,,,,PVF19,,,,,,,,,,Plaque de verre photographique,,
rico:RecordSet,PVF2,Sous-série d'archives,,A. Lumière et ses fils 2,1880/1920,,,,,,,PVF1-PVF19,Salle de classe,,,,,,,,,,,
rico:Record,PVF2/1,,,Photographie de famille sur plaques de verre,1880/1920,,,,,,,PVF2,,"Plaque de verre sèche, gélatino-bromure",,,,,,,,Plaque de verre photographique,,
rico:Record,PVF2/10,,,Photographie de famille sur plaques de verre,1880/1920,,,,,,,PVF2,,"Plaque de verre sèche, gélatino-bromure",,,,,,,,Plaque de verre photographique,,
rico:Record,PVF2/2,,,Photographie de famille sur plaques de verre,1880/1920,,,,,,,PVF2,,"Plaque de verre sèche, gélatino-bromure",,,,,,,,Plaque de verre photographique,,
rico:Record,PVF2/3,,,Photographie de famille sur plaques de verre,1880/1920,,,,,,,PVF2,,"Plaque de verre sèche, gélatino-bromure",,,,,,,,Plaque de verre photographique,,
rico:Record,PVF2/4,,,Photographie de famille sur plaques de verre,1880/1920,,,,,,,PVF2,,"Plaque de verre sèche, gélatino-bromure",,,,,,,,Plaque de verre photographique,,
rico:Record,PVF2/5,,,Photographie de famille sur plaques de verre,1880/1920,,,,,,,PVF2,,"Plaque de verre sèche, gélatino-bromure",,,,,,,,Plaque de verre photographique,,
rico:Record,PVF2/6,,,Photographie de famille sur plaques de verre,1880/1920,,,,,,,PVF2,,"Plaque de verre sèche, gélatino-bromure",,,,,,,,Plaque de verre photographique,,
rico:Record,PVF2/7,,,Photographie de famille sur plaques de verre,1880/1920,,,,,,,PVF2,,"Plaque de verre sèche, gélatino-bromure",,,,,,,,Plaque de verre photographique,,
rico:Record,PVF2/8,,,Photographie de famille sur plaques de verre,1880/1920,,,,,,,PVF2,,"Plaque de verre sèche, gélatino-bromure",,,,,,,,Plaque de verre photographique,,
rico:Record,PVF2/9,,,Photographie de famille sur plaques de verre,1880/1920,,,,,,,PVF2,,"Plaque de verre sèche, gélatino-bromure",,,,,,,,Plaque de verre photographique,,
rico:RecordSet,PVF3,Sous-série d'archives,,A. Lumière et ses fils 3,1880/1920,,,,,,,PVF1-PVF19,Salle de classe,,,,,,,,,,,
rico:Record,PVF3/1,,,Photographie de famille sur plaques de verre,1880/1920,,,,,,,PVF3,,"Plaque de verre sèche, gélatino-bromure",,,,,,,,Plaque de verre photographique,,
rico:Record,PVF3/10,,,Photographie de famille sur plaques de verre,1880/1920,,,,,,,PVF3,,"Plaque de verre sèche, gélatino-bromure",,,,,,,,Plaque de verre photographique,,
rico:Record,PVF3/11,,,Photographie de famille sur plaques de verre,1880/1920,,,,,,,PVF3,,"Plaque de verre sèche, gélatino-bromure",,,,,,,,Plaque de verre photographique,,
rico:Record,PVF3/12,,,Photographie de famille sur plaques de verre,1880/1920,,,,,,,PVF3,,"Plaque de verre sèche, gélatino-bromure",,,,,,,,Plaque de verre photographique,,
rico:Record,PVF3/13,,,Photographie de famille sur plaques de verre,1880/1920,,,,,,,PVF3,,"Plaque de verre sèche, gélatino-bromure",,,,,,,,Plaque de verre photographique,,
rico:Record,PVF3/14,,,Photographie de famille sur plaques de verre,1880/1920,,,,,,,PVF3,,"Plaque de verre sèche, gélatino-bromure",,,,,,,,Plaque de verre photographique,,
rico:Record,PVF3/2,,,Photographie de famille sur plaques de verre,1880/1920,,,,,,,PVF3,,"Plaque de verre sèche, gélatino-bromure",,,,,,,,Plaque de verre photographique,,
rico:Record,PVF3/3,,,Photographie de famille sur plaques de verre,1880/1920,,,,,,,PVF3,,"Plaque de verre sèche, gélatino-bromure",,,,,,,,Plaque de verre photographique,,
rico:Record,PVF3/4,,,Photographie de famille sur plaques de verre,1880/1920,,,,,,,PVF3,,"Plaque de verre sèche, gélatino-bromure",,,,,,,,Plaque de verre photographique,,
rico:Record,PVF3/5,,,Photographie de famille sur plaques de verre,1880/1920,,,,,,,PVF3,,"Plaque de verre sèche, gélatino-bromure",,,,,,,,Plaque de verre photographique,,
rico:Record,PVF3/6,,,Photographie de famille sur plaques de verre,1880/1920,,,,,,,PVF3,,"Plaque de verre sèche, gélatino-bromure",,,,,,,,Plaque de verre photographique,,
rico:Record,PVF3/7,,,Photographie de famille sur plaques de verre,1880/1920,,,,,,,PVF3,,"Plaque de verre sèche, gélatino-bromure",,,,,,,,Plaque de verre photographique,,
rico:Record,PVF3/8,,,Photographie de famille sur plaques de verre,1880/1920,,,,,,,PVF3,,"Plaque de verre sèche, gélatino-bromure",,,,,,,,Plaque de verre photographique,,
rico:Record,PVF3/9,,,Photographie de famille sur plaques de verre,1880/1920,,,,,,,PVF3,,"Plaque de verre sèche, gélatino-bromure",,,,,,,,Plaque de verre photographique,,
rico:RecordSet,PVF4,Sous-série d'archives,,A. Lumière et ses fils 4. Clichés à Mimi Brides,1880/1920,,,,,,,PVF1-PVF19,Salle de classe,,,,,,,,,,,
rico:Record,PVF4/1,,,Photographie de famille sur plaques de verre,1880/1920,,,,,,,PVF4,,"Plaque de verre sèche, gélatino-bromure",,,,,,,,Plaque de verre photographique,,
rico:Record,PVF4/10,,,Photographie de famille sur plaques de verre,1880/1920,,,,,,,PVF4,,"Plaque de verre sèche, gélatino-bromure",,,,,,,,Plaque de verre photographique,,
rico:Record,PVF4/11,,,Photographie de famille sur plaques de verre,1880/1920,,,,,,,PVF4,,"Plaque de verre sèche, gélatino-bromure",,,,,,,,Plaque de verre photographique,,
rico:Record,PVF4/12,,,Photographie de famille sur plaques de verre,1880/1920,,,,,,,PVF4,,"Plaque de verre sèche, gélatino-bromure",,,,,,,,Plaque de verre photographique,,
rico:Record,PVF4/13,,,Photographie de famille sur plaques de verre,1880/1920,,,,,,,PVF4,,"Plaque de verre sèche, gélatino-bromure",,,,,,,,Plaque de verre photographique,,
rico:Record,PVF4/2,,,Photographie de famille sur plaques de verre,1880/1920,,,,,,,PVF4,,"Plaque de verre sèche, gélatino-bromure",,,,,,,,Plaque de verre photographique,,
rico:Record,PVF4/3,,,Photographie de famille sur plaques de verre,1880/1920,,,,,,,PVF4,,"Plaque de verre sèche, gélatino-bromure",,,,,,,,Plaque de verre photographique,,
rico:Record,PVF4/4,,,Photographie de famille sur plaques de verre,1880/1920,,,,,,,PVF4,,"Plaque de verre sèche, gélatino-bromure",,,,,,,,Plaque de verre photographique,,
rico:Record,PVF4/5,,,Photographie de famille sur plaques de verre,1880/1920,,,,,,,PVF4,,"Plaque de verre sèche, gélatino-bromure",,,,,,,,Plaque de verre photographique,,
rico:Record,PVF4/6,,,Photographie de famille sur plaques de verre,1880/1920,,,,,,,PVF4,,"Plaque de verre sèche, gélatino-bromure",,,,,,,,Plaque de verre photographique,,
rico:Record,PVF4/7,,,Photographie de famille sur plaques de verre,1880/1920,,,,,,,PVF4,,"Plaque de verre sèche, gélatino-bromure",,,,,,,,Plaque de verre photographique,,
rico:Record,PVF4/8,,,Photographie de famille sur plaques de verre,1880/1920,,,,,,,PVF4,,"Plaque de verre sèche, gélatino-bromure",,,,,,,,Plaque de verre photographique,,
rico:Record,PVF4/9,,,Photographie de famille sur plaques de verre,1880/1920,,,,,,,PVF4,,"Plaque de verre sèche, gélatino-bromure",,,,,,,,Plaque de verre photographique,,
rico:RecordSet,PVF5,Sous-série d'archives,,A. Lumière et ses fils 5,1880/1920,,,,,,,PVF1-PVF19,Salle de classe,,,,,,,,,,,
rico:Record,PVF5/1,,,Photographie de famille sur plaques de verre,1880/1920,,,,,,,PVF5,,"Plaque de verre sèche, gélatino-bromure",,,,,,,,Plaque de verre photographique,,
rico:Record,PVF5/10,,,Photographie de famille sur plaques de verre,1880/1920,,,,,,,PVF5,,"Plaque de verre sèche, gélatino-bromure",,,,,,,,Plaque de verre photographique,,
rico:Record,PVF5/11,,,Photographie de famille sur plaques de verre,1880/1920,,,,,,,PVF5,,"Plaque de verre sèche, gélatino-bromure",,,,,,,,Plaque de verre photographique,,
rico:Record,PVF5/12,,,Photographie de famille sur plaques de verre,1880/1920,,,,,,,PVF5,,"Plaque de verre sèche, gélatino-bromure",,,,,,,,Plaque de verre photographique,,
rico:Record,PVF5/13,,,Photographie de famille sur plaques de verre,1880/1920,,,,,,,PVF5,,"Plaque de verre sèche, gélatino-bromure",,,,,,,,Plaque de verre photographique,,
rico:Record,PVF5/14,,,Photographie de famille sur plaques de verre,1880/1920,,,,,,,PVF5,,"Plaque de verre sèche, gélatino-bromure",,,,,,,,Plaque de verre photographique,,
rico:Record,PVF5/15,,,Photographie de famille sur plaques de verre,1880/1920,,,,,,,PVF5,,"Plaque de verre sèche, gélatino-bromure",,,,,,,,Plaque de verre photographique,,
rico:Record,PVF5/16,,,Photographie de famille sur plaques de verre,1880/1920,,,,,,,PVF5,,"Plaque de verre sèche, gélatino-bromure. Fragment",,,,,,,,Plaque de verre photographique,,
rico:Record,PVF5/2,,,Photographie de famille sur plaques de verre,1880/1920,,,,,,,PVF5,,"Plaque de verre sèche, gélatino-bromure",,,,,,,,Plaque de verre photographique,,
rico:Record,PVF5/3,,,Photographie de famille sur plaques de verre,1880/1920,,,,,,,PVF5,,"Plaque de verre sèche, gélatino-bromure",,,,,,,,Plaque de verre photographique,,
rico:Record,PVF5/4,,,Photographie de famille sur plaques de verre,1880/1920,,,,,,,PVF5,,"Plaque de verre sèche, gélatino-bromure",,,,,,,,Plaque de verre photographique,,
rico:Record,PVF5/5,,,Photographie de famille sur plaques de verre,1880/1920,,,,,,,PVF5,,"Plaque de verre sèche, gélatino-bromure",,,,,,,,Plaque de verre photographique,,
rico:Record,PVF5/6,,,Photographie de famille sur plaques de verre,1880/1920,,,,,,,PVF5,,"Plaque de verre sèche, gélatino-bromure",,,,,,,,Plaque de verre photographique,,
rico:Record,PVF5/7,,,Photographie de famille sur plaques de verre,1880/1920,,,,,,,PVF5,,"Plaque de verre sèche, gélatino-bromure",,,,,,,,Plaque de verre photographique,,
rico:Record,PVF5/8,,,Photographie de famille sur plaques de verre,1880/1920,,,,,,,PVF5,,"Plaque de verre sèche, gélatino-bromure",,,,,,,,Plaque de verre photographique,,
rico:Record,PVF5/9,,,Photographie de famille sur plaques de verre,1880/1920,,,,,,,PVF5,,"Plaque de verre sèche, gélatino-bromure",,,,,,,,Plaque de verre photographique,,
rico:RecordSet,PVF6,Sous-série d'archives,,A. Lumière et ses fils 6,1880/1920,,,,,,,PVF1-PVF19,Salle de classe,,,,,,,,,,,
rico:Record,PVF6/1,,,Photographie de famille sur plaques de verre,1880/1920,,,,,,,PVF6,,"Plaque de verre sèche, gélatino-bromure",,,,,,,,Plaque de verre photographique,,
rico:Record,PVF6/10,,,Photographie de famille sur plaques de verre,1880/1920,,,,,,,PVF6,,"Plaque de verre sèche, gélatino-bromure",,,,,,,,Plaque de verre photographique,,
rico:Record,PVF6/11,,,Photographie de famille sur plaques de verre,1880/1920,,,,,,,PVF6,,"Plaque de verre sèche, gélatino-bromure",,,,,,,,Plaque de verre photographique,,
rico:Record,PVF6/12,,,Photographie de famille sur plaques de verre,1880/1920,,,,,,,PVF6,,"Plaque de verre sèche, gélatino-bromure",,,,,,,,Plaque de verre photographique,,
rico:Record,PVF6/13,,,Photographie de famille sur plaques de verre,1880/1920,,,,,,,PVF6,,"Plaque de verre sèche, gélatino-bromure",,,,,,,,Plaque de verre photographique,,
rico:Record,PVF6/14,,,Photographie de famille sur plaques de verre,1880/1920,,,,,,,PVF6,,"Plaque de verre sèche, gélatino-bromure",,,,,,,,Plaque de verre photographique,,
rico:Record,PVF6/15,,,Photographie de famille sur plaques de verre,1880/1920,,,,,,,PVF6,,"Plaque de verre sèche, gélatino-bromure",,,,,,,,Plaque de verre photographique,,
rico:Record,PVF6/16,,,Photographie de famille sur plaques de verre,1880/1920,,,,,,,PVF6,,"Plaque de verre sèche, gélatino-bromure",,,,,,,,Plaque de verre photographique,,
rico:Record,PVF6/17,,,Photographie de famille sur plaques de verre,1880/1920,,,,,,,PVF6,,"Plaque de verre sèche, gélatino-bromure",,,,,,,,Plaque de verre photographique,,
rico:Record,PVF6/18,,,Photographie de famille sur plaques de verre,1880/1920,,,,,,,PVF6,,"Plaque de verre sèche, gélatino-bromure. Fragment",,,,,,,,Plaque de verre photographique,,
rico:Record,PVF6/2,,,Photographie de famille sur plaques de verre,1880/1920,,,,,,,PVF6,,"Plaque de verre sèche, gélatino-bromure",,,,,,,,Plaque de verre photographique,,
rico:Record,PVF6/3,,,Photographie de famille sur plaques de verre,1880/1920,,,,,,,PVF6,,"Plaque de verre sèche, gélatino-bromure",,,,,,,,Plaque de verre photographique,,
rico:Record,PVF6/4,,,Photographie de famille sur plaques de verre,1880/1920,,,,,,,PVF6,,"Plaque de verre sèche, gélatino-bromure",,,,,,,,Plaque de verre photographique,,
rico:Record,PVF6/5,,,Photographie de famille sur plaques de verre,1880/1920,,,,,,,PVF6,,"Plaque de verre sèche, gélatino-bromure",,,,,,,,Plaque de verre photographique,,
rico:Record,PVF6/6,,,Photographie de famille sur plaques de verre,1880/1920,,,,,,,PVF6,,"Plaque de verre sèche, gélatino-bromure",,,,,,,,Plaque de verre photographique,,
rico:Record,PVF6/7,,,Photographie de famille sur plaques de verre,1880/1920,,,,,,,PVF6,,"Plaque de verre sèche, gélatino-bromure",,,,,,,,Plaque de verre photographique,,
rico:Record,PVF6/8,,,Photographie de famille sur plaques de verre,1880/1920,,,,,,,PVF6,,"Plaque de verre sèche, gélatino-bromure",,,,,,,,Plaque de verre photographique,,
rico:Record,PVF6/9,,,Photographie de famille sur plaques de verre,1880/1920,,,,,,,PVF6,,"Plaque de verre sèche, gélatino-bromure",,,,,,,,Plaque de verre photographique,,
rico:RecordSet,PVF7,Sous-série d'archives,,A. Lumière et ses fils 7. Clichés à Mimi Divers,1880/1920,,,,,,,PVF1-PVF19,Salle de classe,,,,,,,,,,,
rico:Record,PVF7/1,,,Photographie de famille sur plaques de verre,1880/1920,,,,,,,PVF7,,"Plaque de verre sèche, gélatino-bromure",,,,,,,,Plaque de verre photographique,,
rico:Record,PVF7/10,,,Photographie de famille sur plaques de verre,1880/1920,,,,,,,PVF7,,"Plaque de verre sèche, gélatino-bromure",,,,,,,,Plaque de verre photographique,,
rico:Record,PVF7/11,,,Photographie de famille sur plaques de verre,1880/1920,,,,,,,PVF7,,"Plaque de verre sèche, gélatino-bromure",,,,,,,,Plaque de verre photographique,,
rico:Record,PVF7/12,,,Photographie de famille sur plaques de verre,1880/1920,,,,,,,PVF7,,"Plaque de verre sèche, gélatino-bromure",,,,,,,,Plaque de verre photographique,,
rico:Record,PVF7/13,,,Photographie de famille sur plaques de verre,1880/1920,,,,,,,PVF7,,"Plaque de verre sèche, gélatino-bromure",,,,,,,,Plaque de verre photographique,,
rico:Record,PVF7/14,,,Photographie de famille sur plaques de verre,1880/1920,,,,,,,PVF7,,"Plaque de verre sèche, gélatino-bromure",,,,,,,,Plaque de verre photographique,,
rico:Record,PVF7/15,,,Photographie de famille sur plaques de verre,1880/1920,,,,,,,PVF7,,"Plaque de verre sèche, gélatino-bromure",,,,,,,,Plaque de verre photographique,,
rico:Record,PVF7/16,,,Photographie de famille sur plaques de verre,1880/1920,,,,,,,PVF7,,"Plaque de verre sèche, gélatino-bromure",,,,,,,,Plaque de verre photographique,,
rico:Record,PVF7/17,,,Photographie de famille sur plaques de verre,1880/1920,,,,,,,PVF7,,"Plaque de verre sèche, gélatino-bromure",,,,,,,,Plaque de verre photographique,,
rico:Record,PVF7/18,,,Photographie de famille sur plaques de verre,1880/1920,,,,,,,PVF7,,"Plaque de verre sèche, gélatino-bromure",,,,,,,,Plaque de verre photographique,,
rico:Record,PVF7/19,,,Photographie de famille sur plaques de verre,1880/1920,,,,,,,PVF7,,"Plaque de verre sèche, gélatino-bromure",,,,,,,,Plaque de verre photographique,,
rico:Record,PVF7/2,,,Photographie de famille sur plaques de verre,1880/1920,,,,,,,PVF7,,"Plaque de verre sèche, gélatino-bromure",,,,,,,,Plaque de verre photographique,,
rico:Record,PVF7/20,,,Photographie de famille sur plaques de verre,1880/1920,,,,,,,PVF7,,"Plaque de verre sèche, gélatino-bromure",,,,,,,,Plaque de verre photographique,,
rico:Record,PVF7/3,,,Photographie de famille sur plaques de verre,1880/1920,,,,,,,PVF7,,"Plaque de verre sèche, gélatino-bromure",,,,,,,,Plaque de verre photographique,,
rico:Record,PVF7/4,,,Photographie de famille sur plaques de verre,1880/1920,,,,,,,PVF7,,"Plaque de verre sèche, gélatino-bromure",,,,,,,,Plaque de verre photographique,,
rico:Record,PVF7/5,,,Photographie de famille sur plaques de verre,1880/1920,,,,,,,PVF7,,"Plaque de verre sèche, gélatino-bromure",,,,,,,,Plaque de verre photographique,,
rico:Record,PVF7/6,,,Photographie de famille sur plaques de verre,1880/1920,,,,,,,PVF7,,"Plaque de verre sèche, gélatino-bromure",,,,,,,,Plaque de verre photographique,,
rico:Record,PVF7/7,,,Photographie de famille sur plaques de verre,1880/1920,,,,,,,PVF7,,"Plaque de verre sèche, gélatino-bromure",,,,,,,,Plaque de verre photographique,,
rico:Record,PVF7/8,,,Photographie de famille sur plaques de verre,1880/1920,,,,,,,PVF7,,"Plaque de verre sèche, gélatino-bromure",,,,,,,,Plaque de verre photographique,,
rico:Record,PVF7/9,,,Photographie de famille sur plaques de verre,1880/1920,,,,,,,PVF7,,"Plaque de verre sèche, gélatino-bromure",,,,,,,,Plaque de verre photographique,,
rico:RecordSet,PVF8,Sous-série d'archives,,A. Lumière et ses fils 8,1880/1920,,,,,,,PVF1-PVF19,Salle de classe,,,,,,,,,,,
rico:Record,PVF8/1,,,Photographie de famille sur plaques de verre,1880/1920,,,,,,,PVF8,,"Plaque de verre sèche, gélatino-bromure",,,,,,,,Plaque de verre photographique,,
rico:Record,PVF8/10,,,Photographie de famille sur plaques de verre,1880/1920,,,,,,,PVF8,,"Plaque de verre sèche, gélatino-bromure",,,,,,,,Plaque de verre photographique,,
rico:Record,PVF8/11,,,Photographie de famille sur plaques de verre,1880/1920,,,,,,,PVF8,,"Plaque de verre sèche, gélatino-bromure",,,,,,,,Plaque de verre photographique,,
rico:Record,PVF8/12,,,Photographie de famille sur plaques de verre,1880/1920,,,,,,,PVF8,,"Plaque de verre sèche, gélatino-bromure",,,,,,,,Plaque de verre photographique,,
rico:Record,PVF8/13,,,Photographie de famille sur plaques de verre,1880/1920,,,,,,,PVF8,,"Plaque de verre sèche, gélatino-bromure",,,,,,,,Plaque de verre photographique,,
rico:Record,PVF8/14,,,Photographie de famille sur plaques de verre,1880/1920,,,,,,,PVF8,,"Plaque de verre sèche, gélatino-bromure",,,,,,,,Plaque de verre photographique,,
rico:Record,PVF8/15,,,Photographie de famille sur plaques de verre,1880/1920,,,,,,,PVF8,,"Plaque de verre sèche, gélatino-bromure",,,,,,,,Plaque de verre photographique,,
rico:Record,PVF8/16,,,Photographie de famille sur plaques de verre,1880/1920,,,,,,,PVF8,,"Plaque de verre sèche, gélatino-bromure",,,,,,,,Plaque de verre photographique,,
rico:Record,PVF8/17,,,Photographie de famille sur plaques de verre,1880/1920,,,,,,,PVF8,,"Plaque de verre sèche, gélatino-bromure. Fragment rougi",,,,,,,,Plaque de verre photographique,,
rico:Record,PVF8/2,,,Photographie de famille sur plaques de verre,1880/1920,,,,,,,PVF8,,"Plaque de verre sèche, gélatino-bromure",,,,,,,,Plaque de verre photographique,,
rico:Record,PVF8/3,,,Photographie de famille sur plaques de verre,1880/1920,,,,,,,PVF8,,"Plaque de verre sèche, gélatino-bromure",,,,,,,,Plaque de verre photographique,,
rico:Record,PVF8/4,,,Photographie de famille sur plaques de verre,1880/1920,,,,,,,PVF8,,"Plaque de verre sèche, gélatino-bromure",,,,,,,,Plaque de verre photographique,,
rico:Record,PVF8/5,,,Photographie de famille sur plaques de verre,1880/1920,,,,,,,PVF8,,"Plaque de verre sèche, gélatino-bromure",,,,,,,,Plaque de verre photographique,,
rico:Record,PVF8/6,,,Photographie de famille sur plaques de verre,1880/1920,,,,,,,PVF8,,"Plaque de verre sèche, gélatino-bromure",,,,,,,,Plaque de verre photographique,,
rico:Record,PVF8/7,,,Photographie de famille sur plaques de verre,1880/1920,,,,,,,PVF8,,"Plaque de verre sèche, gélatino-bromure",,,,,,,,Plaque de verre photographique,,
rico:Record,PVF8/8,,,Photographie de famille sur plaques de verre,1880/1920,,,,,,,PVF8,,"Plaque de verre sèche, gélatino-bromure",,,,,,,,Plaque de verre photographique,,
rico:Record,PVF8/9,,,Photographie de famille sur plaques de verre,1880/1920,,,,,,,PVF8,,"Plaque de verre sèche, gélatino-bromure",,,,,,,,Plaque de verre photographique,,
rico:RecordSet,PVF9,Sous-série d'archives,,"Félix Saint-Clair, Bordeaux. Voyage dans le midi, août 1896",1896/1896,,,,,,,PVF1-PVF19,Salle de classe,,,,,,,,,,,
rico:Record,PVF9/1,,,Photographie de famille sur plaques de verre,,1896-08,,,,,,PVF9,,"Plaque de verre, gélatino bromure d’argent",,,,,,,,Plaque de verre photographique,,
rico:Record,PVF9/10,,,Photographie de famille sur plaques de verre,,1896-08,,,,,,PVF9,,"Plaque de verre, gélatino bromure d’argent",,,,,,,,Plaque de verre photographique,,
rico:Record,PVF9/11,,,Photographie de famille sur plaques de verre,,1896-08,,,,,,PVF9,,"Plaque de verre, gélatino bromure d’argent",,,,,,,,Plaque de verre photographique,,
rico:Record,PVF9/12,,,Photographie de famille sur plaques de verre,,1896-08,,,,,,PVF9,,"Plaque de verre, gélatino bromure d’argent",,,,,,,,Plaque de verre photographique,,
rico:Record,PVF9/13,,,Photographie de famille sur plaques de verre,,1896-08,,,,,,PVF9,,"Plaque de verre, gélatino bromure d’argent",,,,,,,,Plaque de verre photographique,,
rico:Record,PVF9/14,,,Photographie de famille sur plaques de verre,,1896-08,,,,,,PVF9,,"Plaque de verre, gélatino bromure d’argent",,,,,,,,Plaque de verre photographique,,
rico:Record,PVF9/15,,,Photographie de famille sur plaques de verre,,1896-08,,,,,,PVF9,,"Plaque de verre, gélatino bromure d’argent",,,,,,,,Plaque de verre photographique,,
rico:Record,PVF9/16,,,Photographie de famille sur plaques de verre,,1896-08,,,,,,PVF9,,"Plaque de verre, gélatino bromure d’argent",,,,,,,,Plaque de verre photographique,,
rico:Record,PVF9/17,,,Photographie de famille sur plaques de verre,,1896-08,,,,,,PVF9,,"Plaque de verre, gélatino bromure d’argent",,,,,,,,Plaque de verre photographique,,
rico:Record,PVF9/2,,,Photographie de famille sur plaques de verre,,1896-08,,,,,,PVF9,,"Plaque de verre, gélatino bromure d’argent",,,,,,,,Plaque de verre photographique,,
rico:Record,PVF9/3,,,Photographie de famille sur plaques de verre,,1896-08,,,,,,PVF9,,"Plaque de verre, gélatino bromure d’argent",,,,,,,,Plaque de verre photographique,,
rico:Record,PVF9/4,,,Photographie de famille sur plaques de verre,,1896-08,,,,,,PVF9,,"Plaque de verre, gélatino bromure d’argent",,,,,,,,Plaque de verre photographique,,
rico:Record,PVF9/5,,,Photographie de famille sur plaques de verre,,1896-08,,,,,,PVF9,,"Plaque de verre, gélatino bromure d’argent",,,,,,,,Plaque de verre photographique,,
rico:Record,PVF9/6,,,Photographie de famille sur plaques de verre,,1896-08,,,,,,PVF9,,"Plaque de verre, gélatino bromure d’argent",,,,,,,,Plaque de verre photographique,,
rico:Record,PVF9/7,,,Photographie de famille sur plaques de verre,,1896-08,,,,,,PVF9,,"Plaque de verre, gélatino bromure d’argent",,,,,,,,Plaque de verre photographique,,
rico:Record,PVF9/8,,,Photographie de famille sur plaques de verre,,1896-08,,,,,,PVF9,,"Plaque de verre, gélatino bromure d’argent",,,,,,,,Plaque de verre photographique,,
rico:Record,PVF9/9,,,Photographie de famille sur plaques de verre,,1896-08,,,,,,PVF9,,"Plaque de verre, gélatino bromure d’argent",,,,,,,,Plaque de verre photographique,,
rico:RecordSet,P1-P8,Série d'archives,,Voyage d’Augustin,1882/1882,,,,,,,P1-PVF19,,,,,,,,,,,,
rico:RecordSet,P1,Sous-série d'archives,,Égypte : Karnak,1882/1882,,,,,,,P1-P8,Salle de classe,,,,,,,,,,,
rico:Record,P1/1,,,Tombeau de Kaït-Bey,1882-02-07/1882-02-10,,,,,,,P1,,Gélatino-bromure ?,,,,,,,4049,Plaque de verre photographique,https://sws.geonames.org/8617830/ Mosquée funéraire du sultan Kâïtbâï,
rico:Record,P1/10,,,Ensemble de Karnak (3),1882-02-07/1882-02-10,,,,,,,P1,,Gélatino-bromure ?,,,,,,,4049,Plaque de verre photographique,https://sws.geonames.org/8259935/ Temples de Karnak,
rico:Record,P1/2,,,Avenue des sphinx Karnak,1882-02-07/1882-02-10,,,,,,,P1,,Gélatino-bromure ?,,,,,,,4049,Plaque de verre photographique,https://sws.geonames.org/8259935/ Temples de Karnak,
rico:Record,P1/3,,,Hiéroglyphes de Karnak,1882-02-07/1882-02-10,,,,,,,P1,,Gélatino-bromure ?,,,,,,,4049,Plaque de verre photographique,https://sws.geonames.org/8259935/ Temples de Karnak,
rico:Record,P1/4,,,Ensemble de Karnak,1882-02-07/1882-02-10,,,,,,,P1,,Gélatino-bromure ?,,,,,,,4049,Plaque de verre photographique,https://sws.geonames.org/8259935/ Temples de Karnak,
rico:Record,P1/5,,,Colonnade de Karnak,1882-02-07/1882-02-10,,,,,,,P1,,Gélatino-bromure ?,,,,,,,4049,Plaque de verre photographique,https://sws.geonames.org/8259935/ Temples de Karnak,
rico:Record,P1/6,,,Salle hypostyle de Karnak,1882-02-07/1882-02-10,,,,,,,P1,,Gélatino-bromure ?,,,,,,,4049,Plaque de verre photographique,https://sws.geonames.org/8259935/ Temples de Karnak,
rico:Record,P1/7,,,Entrée du temple de Karnak,1882-02-07/1882-02-10,,,,,,,P1,,Gélatino-bromure ?,,,,,,,4049,Plaque de verre photographique,https://sws.geonames.org/8259935/ Temples de Karnak,
rico:Record,P1/8,,,Ensemble de Karnak (2),1882-02-07/1882-02-10,,,,,,,P1,,Gélatino-bromure ?,,,,,,,4049,Plaque de verre photographique,https://sws.geonames.org/8259935/ Temples de Karnak,
rico:Record,P1/9,,,Pylône de Ptolémée Karnak,1882-02-07/1882-02-10,,,,,,,P1,,Gélatino-bromure ?,,,,,,,4049,Plaque de verre photographique,https://sws.geonames.org/8259935/ Temples de Karnak,
rico:RecordSet,P2,Sous-série d'archives,,"Égypte : Philae, Memnon, Bab el Molouk, Medinet Abou, Edfou, Kom Ombos",1882/1882,,,,,,,P1-P8,Salle de classe,,,,,,,,,,,
rico:Record,P2/1,,,temple de l’île de Philae,,1882-02-13,,,,,,P2,,Gélatino-bromure ?,,,,,,,4049,Plaque de verre photographique,https://sws.geonames.org/356859/ Philae,
rico:Record,P2/10,,,Temple d’Edfou (2),,1882-02-11,,,,,,P2,,Gélatino-bromure ?,,,,,,,4049,Plaque de verre photographique,https://sws.geonames.org/355842/ Temple d’Horus à Edfou,
rico:Record,P2/2,,,Colosse de Memnon,1882-02-07/1882-02-10,,,,,,,P2,,Gélatino-bromure ?,,,,,,,4049,Plaque de verre photographique,https://sws.geonames.org/352548/ Colosses de Memnon,
rico:Record,P2/3,,,Cour du temple Medinet Abou,1882-02-07/1882-02-10,,,,,,,P2,,Gélatino-bromure ?,,,,,,,4049,Plaque de verre photographique,https://sws.geonames.org/9073432/ Medinet Habu,
rico:Record,P2/4,,,Temple d’Edfou,,1882-02-11,,,,,,P2,,Gélatino-bromure ?,,,,,,,4049,Plaque de verre photographique,https://sws.geonames.org/355842/ Temple d’Horus à Edfou,
rico:Record,P2/5,,,Vallée de Bab el Molouk,1882-02-07/1882-02-10,,,,,,,P2,,Gélatino-bromure ?,,,,,,,4049,Plaque de verre photographique,https://sws.geonames.org/353494/ Vallée des Rois,
rico:Record,P2/6,,,Bab el Molouk,1882-02-07/1882-02-10,,,,,,,P2,,Gélatino-bromure ?,,,,,,,4049,Plaque de verre photographique,https://sws.geonames.org/353494/ Vallée des Rois,
rico:Record,P2/7,,,creusement de canal à Edfou,,1882-02-11,,,,,,P2,,Gélatino-bromure ?,,,,,,,4049,Plaque de verre photographique,https://sws.geonames.org/355635/ Edfou,
rico:Record,P2/8,,,Hiéroglyphes d’Edfou,,1882-02-11,,,,,,P2,,Gélatino-bromure ?,,,,,,,4049,Plaque de verre photographique,https://sws.geonames.org/355842/ Temple d’Horus à Edfou,
rico:Record,P2/9,,,Kom Ombos [Kôm Ombo],,1882-02-12,,,,,,P2,,Gélatino-bromure ?,,,,,,,4049,Plaque de verre photographique,https://sws.geonames.org/353802/ Kom Ombo,
rico:RecordSet,P3,Sous-série d'archives,,"Égypte : Assouan, île de Philae, île d’Éléphantine, le Nil",1882/1882,,,,,,,P1-P8,Salle de classe,,,,,,,,,,,
rico:Record,P3/1,,,Port d’Assouan,1882-02-12/1882-02-14,,,,,,,P3,,Gélatino-bromure ?,,,,,,,4049,Plaque de verre photographique,https://sws.geonames.org/359792/ Assouan,
rico:Record,P3/10,,,Cataractes du Nil (3),1882-02-12/1882-02-14,,,,,,,P3,,Gélatino-bromure ?,,,,,,,4049,Plaque de verre photographique,,
rico:Record,P3/11,,,Pylone de l’île de Philae,,1882-02-13,,,,,,P3,,Gélatino-bromure ?,,,,,,,4049,Plaque de verre photographique,https://sws.geonames.org/356859/ Philae,
rico:Record,P3/12,,,Kiosque de Philae,,1882-02-13,,,,,,P3,,Gélatino-bromure ?,,,,,,,4049,Plaque de verre photographique,https://sws.geonames.org/356859/ Philae,
rico:Record,P3/2,,,Cataractes du Nil,1882-02-12/1882-02-14,,,,,,,P3,,Gélatino-bromure ?,,,,,,,4049,Plaque de verre photographique,,
rico:Record,P3/3,,,Ile d’Éléphantine,,1882-02-14,,,,,,P3,,Gélatino-bromure ?,,,,,,,4049,Plaque de verre photographique,https://sws.geonames.org/359790/ Île d’Eléphantine,
rico:Record,P3/4,,,"Le Nil, vu de l’île de Philae",,1882-02-13,,,,,,P3,,Gélatino-bromure ?,,,,,,,4049,Plaque de verre photographique,https://sws.geonames.org/356859/ Philae,
rico:Record,P3/5,,,Le kiosque et l’île de Philae,,1882-02-13,,,,,,P3,,Gélatino-bromure ?,,,,,,,4049,Plaque de verre photographique,https://sws.geonames.org/356859/ Philae,
rico:Record,P3/6,,,Colonnade de l’île de Philae,,1882-02-13,,,,,,P3,,Gélatino-bromure ?,,,,,,,4049,Plaque de verre photographique,https://sws.geonames.org/356859/ Philae,
rico:Record,P3/7,,,Cataractes du Nil (2),1882-02-12/1882-02-14,,,,,,,P3,,Gélatino-bromure ?,,,,,,,4049,Plaque de verre photographique,,
rico:Record,P3/8,,,Paysage près d’Assouan,1882-02-12/1882-02-14,,,,,,,P3,,Gélatino-bromure ?,,,,,,,4049,Plaque de verre photographique,https://sws.geonames.org/359792/ Assouan,
rico:Record,P3/9,,,Assouan vu du Nil,1882-02-12/1882-02-14,,,,,,,P3,,Gélatino-bromure ?,,,,,,,4049,Plaque de verre photographique,https://sws.geonames.org/359792/ Assouan,
rico:RecordSet,P4,Sous-série d'archives,,"Égypte, Montgolfier, Ardèche",1882/1882,,,,,,,P1-P8,Salle de classe,,,,,,,,,,,
rico:Record,P4/1,,,Ensemble de Louqsor [Louxor],1882-02-07/1882-02-10,,,,,,,P4,,Gélatino-bromure ?,,,,,,,4049,Plaque de verre photographique,,
rico:Record,P4/2,,,Assouan vu du Nil (2),1882-02-12/1882-02-14,,,,,,,P4,,Gélatino-bromure ?,,,,,,,4049,Plaque de verre photographique,,
rico:Record,P4/3,,,Colonnade de Karnak (2),1882-02-07/1882-02-10,,,,,,,P4,,Gélatino-bromure ?,,,,,,,4049,Plaque de verre photographique,https://sws.geonames.org/8259935/ Temples de Karnak,
rico:Record,P4/4,,,Mlle Félicie Seguin,,1882,,,,,,P4,,Gélatino-bromure ?,,,,,,,,Plaque de verre photographique,,
rico:Record,P4/5,,,Étienne de Montgolfier (portrait au crayon photographié),,1882,,,,,,P4,,Gélatino-bromure ?,,,,,,,,Plaque de verre photographique,,
rico:Record,P4/6,,,Joseph de Montgolfier (portrait au crayon photographié),,1882,,,,,,P4,,Gélatino-bromure ?,,,,,,,,Plaque de verre photographique,,
rico:Record,P4/7,,,Hôtes de Mme Seguin à Varagnes en 1889,,1882,,,,,,P4,,Gélatino-bromure ?,,,,,,,,Plaque de verre photographique,,3913
rico:Record,P4/8,,,Vue d’Ardèche,,1882,,,,,,P4,,Gélatino-bromure ?,,,,,,,,Plaque de verre photographique,,
rico:RecordSet,P5,Sous-série d'archives,,Liban : Baalbek,1882/1882,,,,,,,P1-P8,Salle de classe,,,,,,,,,,,
rico:Record,P5/1,,,Grande colonnes Baalbek,1882-03-03/1882-03-04,,,,,,,P5,,Gélatino-bromure ?,,,,,,,4049,Plaque de verre photographique,https://sws.geonames.org/277130/ Baalbek,
rico:Record,P5/10,,,Pierre cyclopéenne Baalbek,1882-03-03/1882-03-04,,,,,,,P5,,Gélatino-bromure ?,,,,,,,4049,Plaque de verre photographique,https://sws.geonames.org/277130/ Baalbek,
rico:Record,P5/11,,,Ensemble de Baalbek,1882-03-03/1882-03-04,,,,,,,P5,,Gélatino-bromure ?,,,,,,,4049,Plaque de verre photographique,https://sws.geonames.org/277130/ Baalbek,
rico:Record,P5/12,,,Temple circulaire de Baalbek,1882-03-03/1882-03-04,,,,,,,P5,,Gélatino-bromure ?,,,,,,,4049,Plaque de verre photographique,https://sws.geonames.org/277130/ Baalbek,
rico:Record,P5/2,,,Campement à Baalbek,1882-03-03/1882-03-04,,,,,,,P5,,Gélatino-bromure ?,,,,,,,4049,Plaque de verre photographique,https://sws.geonames.org/277130/ Baalbek,
rico:Record,P5/3,,,Chapiteaux Baalbek,1882-03-03/1882-03-04,,,,,,,P5,,Gélatino-bromure ?,,,,,,,4049,Plaque de verre photographique,https://sws.geonames.org/277130/ Baalbek,
rico:Record,P5/4,,,Intérieur du petit temple Baalbek,1882-03-03/1882-03-04,,,,,,,P5,,Gélatino-bromure ?,,,,,,,4049,Plaque de verre photographique,https://sws.geonames.org/277130/ Baalbek,
rico:Record,P5/5,,,Vue extérieure du petit temple Baalbek,1882-03-03/1882-03-04,,,,,,,P5,,Gélatino-bromure ?,,,,,,,4049,Plaque de verre photographique,https://sws.geonames.org/277130/ Baalbek,
rico:Record,P5/6,,,Extérieur du petit temple Baalbek,1882-03-03/1882-03-04,,,,,,,P5,,Gélatino-bromure ?,,,,,,,4049,Plaque de verre photographique,https://sws.geonames.org/277130/ Baalbek,
rico:Record,P5/7,,,Campement de Baalbek,1882-03-03/1882-03-04,,,,,,,P5,,Gélatino-bromure ?,,,,,,,4049,Plaque de verre photographique,https://sws.geonames.org/277130/ Baalbek,
rico:Record,P5/8,,,Vue extérieure Baalbek,1882-03-03/1882-03-04,,,,,,,P5,,Gélatino-bromure ?,,,,,,,4049,Plaque de verre photographique,https://sws.geonames.org/277130/ Baalbek,
rico:Record,P5/9,,,Colonnes petit temple Baalbek,1882-03-03/1882-03-04,,,,,,,P5,,Gélatino-bromure ?,,,,,,,4049,Plaque de verre photographique,https://sws.geonames.org/277130/ Baalbek,
rico:RecordSet,P6,Sous-série d'archives,,"Liban : Beyrouth, Baalbek, Zahlé. Égypte : Assouan",1882/1882,,,,,,,P1-P8,Salle de classe,,,,,,,,,,,
rico:Record,P6/1,,,Beyrouth,,,,,,,,P6,,Gélatino-bromure ?,,,,,,,4049,Plaque de verre photographique,https://sws.geonames.org/276781/ Beyrouth,
rico:Record,P6/10,,,Touristes à chameau,1882-02/1882-03,,,,,,,P6,,Gélatino-bromure ?,,,,,,,4049,Plaque de verre photographique,,
rico:Record,P6/2,,,Colonnade de petit temple Baalbek,1882-03-03/1882-03-04,,,,,,,P6,,Gélatino-bromure ?,,,,,,,4049,Plaque de verre photographique,https://sws.geonames.org/277130/ Baalbek,
rico:Record,P6/3,,,M. Seguin [Augustin Seguin],,1882,,,,,,P6,,Gélatino-bromure ?,,,,,,,4049,Plaque de verre photographique,,
rico:Record,P6/4,,,Ensemble petit temple Baalbek,1882-03-03/1882-03-04,,,,,,,P6,,Gélatino-bromure ?,,,,,,,4049,Plaque de verre photographique,https://sws.geonames.org/277130/ Baalbek,
rico:Record,P6/5,,,Extérieur du petit temple Baalbek (2),1882-03-03/1882-03-04,,,,,,,P6,,Gélatino-bromure ?,,,,,,,4049,Plaque de verre photographique,https://sws.geonames.org/277130/ Baalbek,
rico:Record,P6/6,,,Cour du temple de Baalbek,1882-03-03/1882-03-04,,,,,,,P6,,Gélatino-bromure ?,,,,,,,4049,Plaque de verre photographique,https://sws.geonames.org/277130/ Baalbek,
rico:Record,P6/7,,,Zahlé,,1882-03-02,,,,,,P6,,Gélatino-bromure ?,,,,,,,4049,Plaque de verre photographique,https://sws.geonames.org/266045/ Zahlé,
rico:Record,P6/8,,,M. Mahfoud à cheval,1882-02/1882-03,,,,,,,P6,,Gélatino-bromure ?,,,,,,,4049,Plaque de verre photographique,,
rico:Record,P6/9,,,Types d’indigènes d’Assouan,1882-02-12/1882-02-14,,,,,,,P6,,Gélatino-bromure ?,,,,,,,4049,Plaque de verre photographique,https://sws.geonames.org/359792/ Assouan,
rico:RecordSet,P7,Sous-série d'archives,,"Liban : Zahlé, Nabatieh, Rachaya, vallée de l’Anti-Liban, Saint-Jean d’Acre. Syrie : Aïn al-Fijah",1882/1882,,,,,,,P1-P8,Salle de classe,,,,,,,,,,,
rico:Record,P7/1,,,Zahlé (2),,1882-03-02,,,,,,P7,,Gélatino-bromure ?,,,,,,,4049,Plaque de verre photographique,https://sws.geonames.org/266045/ Zahlé,
rico:Record,P7/2,,,Sources d’Aïn El-Figeh [Aïn al-Fijah],,1882-03-06,,,,,,P7,,Gélatino-bromure ?,,,,,,,4049,Plaque de verre photographique,https://sws.geonames.org/172232/ ‘Ayn al Fījah,
rico:Record,P7/3,,,Vallée d’Aïn El-Figeh [Aïn al-Fijah],,1882-03-06,,,,,,P7,,Gélatino-bromure ?,,,,,,,4049,Plaque de verre photographique,https://sws.geonames.org/172232/ ‘Ayn al Fījah,
rico:Record,P7/4,,,"Route de Damas, Liban",,1882-03-07,,,,,,P7,,Gélatino-bromure ?,,,,,,,4049,Plaque de verre photographique,,
rico:Record,P7/5,,,Nabatyeh [Nabatieh],,1882-03-13,,,,,,P7,,Gélatino-bromure ?,,,,,,,4049,Plaque de verre photographique,https://sws.geonames.org/7870014/ Nabatieh,
rico:Record,P7/6,,,Rasheyya [Rachaya],,1882-03-11,,,,,,P7,,Gélatino-bromure ?,,,,,,,4049,Plaque de verre photographique,https://sws.geonames.org/268737/ Rachaya,
rico:Record,P7/7,,,Vallée de l’Anti-Liban,1882-03-06/1882-03-07,,,,,,,P7,,Gélatino-bromure ?,,,,,,,4049,Plaque de verre photographique,,
rico:Record,P7/8,,,Aqueduc de Saint-Jean d’Acre,1882-03-15/1882-03-16,,,,,,,P7,,Gélatino-bromure ?,,,,,,,4049,Plaque de verre photographique,https://sws.geonames.org/295721/ Acre,
rico:RecordSet,P8,Sous-série d'archives,,"Jérusalem, Bethlehem, vallée du Jourdain",1882/1882,,,,,,,P1-P8,Salle de classe,,,,,,,,,,,
rico:Record,P8/1,,,Bethléhem,1882-03-22/1882-03-31,,,,,,,P8,,Gélatino-bromure ?,,,,,,,4049,Plaque de verre photographique,https://sws.geonames.org/284315/ Bethléem,
rico:Record,P8/10,,,Port Saïd,,1882-02-25,,,,,,P8,,Gélatino-bromure ?,,,,,,,4049,Plaque de verre photographique,https://sws.geonames.org/358619/ Port-Saïd,
rico:Record,P8/2,,,[Vallée de Josephat (Josaphat)],1882-03-22/1882-03-31,,,,,,,P8,,Gélatino-bromure ?,,,,,,,4049,Plaque de verre photographique,,
rico:Record,P8/3,,,[Mosquée d’Omar],1882-03-22/1882-03-31,,,,,,,P8,,Gélatino-bromure ?,,,,,,,4049,Plaque de verre photographique,https://sws.geonames.org/281184/ Jérusalem,
rico:Record,P8/4,,,Un coin de Jérusalem,1882-03-22/1882-03-31,,,,,,,P8,,Gélatino-bromure ?,,,,,,,4049,Plaque de verre photographique,https://sws.geonames.org/281184/ Jérusalem,
rico:Record,P8/5,,,Mar Saba,1882-03-22/1882-03-31,,,,,,,P8,,Gélatino-bromure ?,,,,,,,4049,Plaque de verre photographique,https://sws.geonames.org/8074861/ Mar Saba,
rico:Record,P8/6,,,Nazareth,1882-03-17/1882-03-19,,,,,,,P8,,Gélatino-bromure ?,,,,,,,4049,Plaque de verre photographique,https://sws.geonames.org/294098/ Nazareth,
rico:Record,P8/7,,,[Montagnes près de la mer morte ?],1882-03-22/1882-03-31,,,,,,,P8,,Gélatino-bromure ?,,,,,,,4049,Plaque de verre photographique,,
rico:Record,P8/8,,,Rives du Jourdain,1882-03-22/1882-03-31,,,,,,,P8,,Gélatino-bromure ?,,,,,,,4049,Plaque de verre photographique,,
rico:Record,P8/9,,,[Montagnes de l’ascension ?],1882-03-22/1882-03-31,,,,,,,P8,,Gélatino-bromure ?,,,,,,,4049,Plaque de verre photographique,,
